Country,Sex, 80_above, 70to79, 60to69 , 50to59 , 40to49, 30to39, 20to29, 10to19,Year_x,Mental _hospitals,health_units,outpatient _facilities,day _treatment,residential_facilities,Year_y,Psychiatrists,Nurses,Social_workers,Psychologists,Region,Happiness Rank,Happiness Score,Lower Confidence Interval,Upper Confidence Interval,Economy (GDP per Capita),Family,Health (Life Expectancy),Freedom,Trust (Government Corruption),Generosity,Dystopia Residual
Afghanistan, Both sexes,42.0,11.0,5.5,5.6,6.6,9.2,10.2,3.1,2016.0,0.003,0.012,0.006,,,2016.0,0.231,0.098,,0.29600000000000004,Southern Asia,154,3.36,3.2880000000000003,3.432,0.38227,0.11037000000000001,0.17344,0.1643,0.07112,0.31268,2.14558
Afghanistan, Male,70.4,20.9,9.8,9.3,10.5,15.1,16.3,4.8,2016.0,0.003,0.012,0.006,,,2016.0,0.231,0.098,,0.29600000000000004,Southern Asia,154,3.36,3.2880000000000003,3.432,0.38227,0.11037000000000001,0.17344,0.1643,0.07112,0.31268,2.14558
Afghanistan, Female,20.1,2.3,1.4,1.6,2.3,2.7,3.5,1.2,2016.0,0.003,0.012,0.006,,,2016.0,0.231,0.098,,0.29600000000000004,Southern Asia,154,3.36,3.2880000000000003,3.432,0.38227,0.11037000000000001,0.17344,0.1643,0.07112,0.31268,2.14558
Albania, Both sexes,16.3,8.3,6.0,7.8,9.1,6.1,6.5,5.0,2016.0,0.068,0.068,0.41,,0.445,2016.0,1.4709999999999999,6.876,1.06,1.2309999999999999,Central and Eastern Europe,109,4.655,4.546,4.763999999999999,0.9553,0.50163,0.73007,0.31866,0.05301,0.1684,1.9281599999999999
Albania, Male,23.2,11.9,8.1,11.4,13.5,8.8,6.3,3.1,2016.0,0.068,0.068,0.41,,0.445,2016.0,1.4709999999999999,6.876,1.06,1.2309999999999999,Central and Eastern Europe,109,4.655,4.546,4.763999999999999,0.9553,0.50163,0.73007,0.31866,0.05301,0.1684,1.9281599999999999
Albania, Female,10.9,4.9,3.9,4.4,5.0,3.4,6.6,7.0,2016.0,0.068,0.068,0.41,,0.445,2016.0,1.4709999999999999,6.876,1.06,1.2309999999999999,Central and Eastern Europe,109,4.655,4.546,4.763999999999999,0.9553,0.50163,0.73007,0.31866,0.05301,0.1684,1.9281599999999999
Algeria, Both sexes,9.4,5.6,4.2,4.1,4.7,5.3,4.2,1.3,2016.0,0.048,0.068,0.048,,,,,,,,Middle East and Northern Africa,38,6.355,6.227,6.483,1.05266,0.83309,0.6180399999999999,0.21006,0.16157,0.07044,3.40904
Algeria, Male,12.7,8.4,6.2,6.2,7.0,7.9,6.2,1.6,2016.0,0.048,0.068,0.048,,,,,,,,Middle East and Northern Africa,38,6.355,6.227,6.483,1.05266,0.83309,0.6180399999999999,0.21006,0.16157,0.07044,3.40904
Algeria, Female,6.4,3.0,2.2,2.0,2.4,2.6,2.1,1.0,2016.0,0.048,0.068,0.048,,,,,,,,Middle East and Northern Africa,38,6.355,6.227,6.483,1.05266,0.83309,0.6180399999999999,0.21006,0.16157,0.07044,3.40904
Angola, Both sexes,63.5,42.1,23.8,14.8,7.0,5.4,6.6,2.6,2016.0,0.011000000000000001,,,,0.013999999999999999,2016.0,0.057,0.66,0.022000000000000002,0.179,Sub-Saharan Africa,141,3.866,3.753,3.9789999999999996,0.84731,0.66366,0.04991,0.00589,0.08434,0.12070999999999998,2.09459
Angola, Male,123.2,68.2,34.7,21.8,10.7,8.4,10.4,3.8,2016.0,0.011000000000000001,,,,0.013999999999999999,2016.0,0.057,0.66,0.022000000000000002,0.179,Sub-Saharan Africa,141,3.866,3.753,3.9789999999999996,0.84731,0.66366,0.04991,0.00589,0.08434,0.12070999999999998,2.09459
Angola, Female,25.3,21.7,14.5,8.6,3.5,2.5,2.9,1.4,2016.0,0.011000000000000001,,,,0.013999999999999999,2016.0,0.057,0.66,0.022000000000000002,0.179,Sub-Saharan Africa,141,3.866,3.753,3.9789999999999996,0.84731,0.66366,0.04991,0.00589,0.08434,0.12070999999999998,2.09459
Argentina, Both sexes,15.8,11.6,10.0,9.5,9.8,10.8,15.3,8.6,2016.0,0.937,1.071,1.72,,0.152,2016.0,21.705,,,222.572,Latin America and Caribbean,26,6.65,6.56,6.74,1.15137,1.0661200000000002,0.69711,0.42283999999999994,0.07296,0.10989000000000002,3.12985
Argentina, Male,41.6,22.7,17.2,15.1,15.5,17.8,25.3,12.7,2016.0,0.937,1.071,1.72,,0.152,2016.0,21.705,,,222.572,Latin America and Caribbean,26,6.65,6.56,6.74,1.15137,1.0661200000000002,0.69711,0.42283999999999994,0.07296,0.10989000000000002,3.12985
Argentina, Female,4.1,3.7,3.9,4.3,4.2,3.7,5.0,4.3,2016.0,0.937,1.071,1.72,,0.152,2016.0,21.705,,,222.572,Latin America and Caribbean,26,6.65,6.56,6.74,1.15137,1.0661200000000002,0.69711,0.42283999999999994,0.07296,0.10989000000000002,3.12985
Armenia, Both sexes,27.9,17.4,10.1,8.4,9.0,5.4,4.5,2.2,2016.0,,0.069,1.371,0.034,,2016.0,3.84,11.245,0.27399999999999997,0.7879999999999999,Central and Eastern Europe,121,4.36,4.266,4.454,0.8608600000000001,0.6247699999999999,0.64083,0.14037,0.036160000000000005,0.07793,1.9786400000000002
Armenia, Male,41.0,28.1,17.8,15.9,17.2,10.1,8.2,3.5,2016.0,,0.069,1.371,0.034,,2016.0,3.84,11.245,0.27399999999999997,0.7879999999999999,Central and Eastern Europe,121,4.36,4.266,4.454,0.8608600000000001,0.6247699999999999,0.64083,0.14037,0.036160000000000005,0.07793,1.9786400000000002
Armenia, Female,20.2,10.4,4.4,2.6,2.3,1.4,0.9,0.6,2016.0,,0.069,1.371,0.034,,2016.0,3.84,11.245,0.27399999999999997,0.7879999999999999,Central and Eastern Europe,121,4.36,4.266,4.454,0.8608600000000001,0.6247699999999999,0.64083,0.14037,0.036160000000000005,0.07793,1.9786400000000002
Australia, Both sexes,28.8,13.1,12.9,18.2,19.7,16.3,13.9,5.6,,,,,,,,,,,,Australia and New Zealand,9,7.313,7.2410000000000005,7.385,1.4444299999999999,1.10476,0.8512,0.5683699999999999,0.32331,0.47407,2.5465
Australia, Male,41.2,19.8,19.8,27.5,30.2,24.7,20.7,7.3,,,,,,,,,,,,Australia and New Zealand,9,7.313,7.2410000000000005,7.385,1.4444299999999999,1.10476,0.8512,0.5683699999999999,0.32331,0.47407,2.5465
Australia, Female,20.1,6.7,6.2,9.0,9.4,8.0,6.8,3.9,,,,,,,,,,,,Australia and New Zealand,9,7.313,7.2410000000000005,7.385,1.4444299999999999,1.10476,0.8512,0.5683699999999999,0.32331,0.47407,2.5465
Austria, Both sexes,40.9,25.1,17.8,23.1,15.7,13.1,10.8,4.5,,,,,,,,,,,,Western Europe,12,7.119,7.045,7.193,1.45038,1.0838299999999998,0.80565,0.54355,0.21348000000000003,0.32865,2.6934299999999998
Austria, Male,91.8,40.6,27.4,33.1,23.8,19.9,17.1,5.2,,,,,,,,,,,,Western Europe,12,7.119,7.045,7.193,1.45038,1.0838299999999998,0.80565,0.54355,0.21348000000000003,0.32865,2.6934299999999998
Austria, Female,12.7,12.4,9.0,13.2,7.6,6.3,4.3,3.7,,,,,,,,,,,,Western Europe,12,7.119,7.045,7.193,1.45038,1.0838299999999998,0.80565,0.54355,0.21348000000000003,0.32865,2.6934299999999998
Azerbaijan, Both sexes,7.7,6.6,4.5,4.1,3.5,3.2,2.2,1.4,2016.0,0.114,0.021,0.156,0.094,0.031,2016.0,3.452,6.7170000000000005,0.114,1.165,Central and Eastern Europe,81,5.291,5.226,5.356,1.12373,0.76042,0.54504,0.35327,0.17914000000000002,0.0564,2.2735
Azerbaijan, Male,12.5,10.4,7.3,7.0,6.2,5.4,3.4,2.1,2016.0,0.114,0.021,0.156,0.094,0.031,2016.0,3.452,6.7170000000000005,0.114,1.165,Central and Eastern Europe,81,5.291,5.226,5.356,1.12373,0.76042,0.54504,0.35327,0.17914000000000002,0.0564,2.2735
Azerbaijan, Female,5.0,4.0,2.1,1.4,1.0,1.0,0.9,0.6,2016.0,0.114,0.021,0.156,0.094,0.031,2016.0,3.452,6.7170000000000005,0.114,1.165,Central and Eastern Europe,81,5.291,5.226,5.356,1.12373,0.76042,0.54504,0.35327,0.17914000000000002,0.0564,2.2735
Bahrain, Both sexes,25.2,11.0,6.2,4.8,6.1,8.1,8.8,3.0,,,,,,,,,,,,Middle East and Northern Africa,42,6.218,6.127999999999999,6.308,1.44024,0.9439700000000001,0.65696,0.47375,0.25772,0.17147,2.27405
Bahrain, Male,40.8,17.7,8.2,6.5,8.6,10.6,11.7,4.3,,,,,,,,,,,,Middle East and Northern Africa,42,6.218,6.127999999999999,6.308,1.44024,0.9439700000000001,0.65696,0.47375,0.25772,0.17147,2.27405
Bahrain, Female,11.5,4.2,3.2,1.9,1.4,2.7,3.1,1.5,,,,,,,,,,,,Middle East and Northern Africa,42,6.218,6.127999999999999,6.308,1.44024,0.9439700000000001,0.65696,0.47375,0.25772,0.17147,2.27405
Bangladesh, Both sexes,30.0,12.8,7.7,4.9,4.6,6.6,9.5,6.2,2016.0,0.001,0.035,0.055,,0.045,2016.0,0.13,0.873,,0.124,Southern Asia,110,4.643,4.56,4.726,0.54177,0.24749000000000002,0.52989,0.39778,0.12583,0.19132000000000002,2.6090400000000002
Bangladesh, Male,51.4,19.2,9.3,6.2,4.8,4.9,5.7,2.7,2016.0,0.001,0.035,0.055,,0.045,2016.0,0.13,0.873,,0.124,Southern Asia,110,4.643,4.56,4.726,0.54177,0.24749000000000002,0.52989,0.39778,0.12583,0.19132000000000002,2.6090400000000002
Bangladesh, Female,10.2,6.4,6.1,3.6,4.5,8.2,13.3,9.8,2016.0,0.001,0.035,0.055,,0.045,2016.0,0.13,0.873,,0.124,Southern Asia,110,4.643,4.56,4.726,0.54177,0.24749000000000002,0.52989,0.39778,0.12583,0.19132000000000002,2.6090400000000002
Belarus, Both sexes,40.6,32.4,32.0,39.9,39.9,30.6,18.9,4.8,2016.0,0.2,0.063,0.11599999999999999,0.285,,2016.0,13.504000000000001,,,5.513999999999999,Central and Eastern Europe,61,5.8020000000000005,5.723,5.881,1.1306200000000002,1.04993,0.6310399999999999,0.29091,0.17457,0.13942000000000002,2.3858200000000003
Belarus, Male,96.1,76.8,65.3,75.9,70.4,52.1,32.3,7.6,2016.0,0.2,0.063,0.11599999999999999,0.285,,2016.0,13.504000000000001,,,5.513999999999999,Central and Eastern Europe,61,5.8020000000000005,5.723,5.881,1.1306200000000002,1.04993,0.6310399999999999,0.29091,0.17457,0.13942000000000002,2.3858200000000003
Belarus, Female,22.9,11.4,8.9,9.5,11.8,9.0,4.8,1.8,2016.0,0.2,0.063,0.11599999999999999,0.285,,2016.0,13.504000000000001,,,5.513999999999999,Central and Eastern Europe,61,5.8020000000000005,5.723,5.881,1.1306200000000002,1.04993,0.6310399999999999,0.29091,0.17457,0.13942000000000002,2.3858200000000003
Belgium, Both sexes,53.4,27.5,24.2,32.3,29.1,18.3,13.4,3.6,,,,,,,,,,,,Western Europe,18,6.928999999999999,6.861000000000001,6.997000000000001,1.42539,1.05249,0.8195899999999999,0.51354,0.26248,0.2424,2.61355
Belgium, Male,71.8,37.2,32.7,41.8,40.2,28.2,21.0,4.9,,,,,,,,,,,,Western Europe,18,6.928999999999999,6.861000000000001,6.997000000000001,1.42539,1.05249,0.8195899999999999,0.51354,0.26248,0.2424,2.61355
Belgium, Female,42.9,19.6,16.2,22.7,17.6,8.4,5.6,2.1,,,,,,,,,,,,Western Europe,18,6.928999999999999,6.861000000000001,6.997000000000001,1.42539,1.05249,0.8195899999999999,0.51354,0.26248,0.2424,2.61355
Belize, Both sexes,22.4,18.0,15.1,10.5,7.2,4.0,5.4,2.8,2016.0,,1.9480000000000002,2.227,0.278,0.278,2016.0,1.392,3.34,,1.113,Latin America and Caribbean,52,5.956,5.71,6.202000000000001,0.87616,0.68655,0.45569,0.51231,0.10770999999999999,0.23684000000000002,3.08039
Belize, Male,36.2,29.0,25.9,17.8,12.8,7.6,9.0,3.5,2016.0,,1.9480000000000002,2.227,0.278,0.278,2016.0,1.392,3.34,,1.113,Latin America and Caribbean,52,5.956,5.71,6.202000000000001,0.87616,0.68655,0.45569,0.51231,0.10770999999999999,0.23684000000000002,3.08039
Belize, Female,10.4,7.0,4.1,3.0,1.9,0.6,1.8,2.0,2016.0,,1.9480000000000002,2.227,0.278,0.278,2016.0,1.392,3.34,,1.113,Latin America and Caribbean,52,5.956,5.71,6.202000000000001,0.87616,0.68655,0.45569,0.51231,0.10770999999999999,0.23684000000000002,3.08039
Benin, Both sexes,90.0,60.4,36.6,24.5,15.6,13.9,14.0,4.5,,,,,,,,,,,,Sub-Saharan Africa,153,3.484,3.404,3.5639999999999996,0.39499,0.10419,0.21028000000000002,0.39747,0.06681000000000001,0.2018,2.10812
Benin, Male,146.4,81.1,47.3,33.0,22.6,21.6,21.8,6.6,,,,,,,,,,,,Sub-Saharan Africa,153,3.484,3.404,3.5639999999999996,0.39499,0.10419,0.21028000000000002,0.39747,0.06681000000000001,0.2018,2.10812
Benin, Female,55.6,45.8,27.6,16.7,9.0,6.2,6.1,2.4,,,,,,,,,,,,Sub-Saharan Africa,153,3.484,3.404,3.5639999999999996,0.39499,0.10419,0.21028000000000002,0.39747,0.06681000000000001,0.2018,2.10812
Bhutan, Both sexes,18.9,13.7,12.6,16.3,19.3,19.4,13.5,4.9,2016.0,,0.127,3.556,,,2016.0,0.508,0.127,,,Southern Asia,84,5.196000000000001,5.138,5.254,0.8527,0.9083600000000001,0.49759,0.46074,0.1616,0.48546000000000006,1.82916
Bhutan, Male,28.7,17.1,13.8,18.9,23.3,23.3,16.7,5.2,2016.0,,0.127,3.556,,,2016.0,0.508,0.127,,,Southern Asia,84,5.196000000000001,5.138,5.254,0.8527,0.9083600000000001,0.49759,0.46074,0.1616,0.48546000000000006,1.82916
Bhutan, Female,7.7,9.6,11.2,13.2,14.5,14.3,10.0,4.6,2016.0,,0.127,3.556,,,2016.0,0.508,0.127,,,Southern Asia,84,5.196000000000001,5.138,5.254,0.8527,0.9083600000000001,0.49759,0.46074,0.1616,0.48546000000000006,1.82916
Bosnia and Herzegovina, Both sexes,21.0,19.6,12.7,12.3,11.1,6.7,3.8,1.7,,,,,,,,,,,,Central and Eastern Europe,87,5.162999999999999,5.063,5.263,0.9338299999999999,0.64367,0.7076600000000001,0.09511,0.0,0.29889,2.48406
Bosnia and Herzegovina, Male,41.5,34.9,22.7,19.3,18.4,10.4,6.2,2.5,,,,,,,,,,,,Central and Eastern Europe,87,5.162999999999999,5.063,5.263,0.9338299999999999,0.64367,0.7076600000000001,0.09511,0.0,0.29889,2.48406
Bosnia and Herzegovina, Female,9.7,8.6,4.2,5.4,3.9,2.8,1.2,0.8,,,,,,,,,,,,Central and Eastern Europe,87,5.162999999999999,5.063,5.263,0.9338299999999999,0.64367,0.7076600000000001,0.09511,0.0,0.29889,2.48406
Botswana, Both sexes,48.9,32.0,21.8,20.3,15.3,12.1,10.6,3.5,,,,,,,,,,,,Sub-Saharan Africa,137,3.9739999999999998,3.875,4.073,1.09426,0.89186,0.34752,0.44088999999999995,0.10769000000000001,0.12425,0.96741
Botswana, Male,89.2,49.6,33.4,31.5,23.5,19.2,17.6,5.3,,,,,,,,,,,,Sub-Saharan Africa,137,3.9739999999999998,3.875,4.073,1.09426,0.89186,0.34752,0.44088999999999995,0.10769000000000001,0.12425,0.96741
Botswana, Female,28.9,20.3,12.9,11.2,7.4,4.9,3.4,1.6,,,,,,,,,,,,Sub-Saharan Africa,137,3.9739999999999998,3.875,4.073,1.09426,0.89186,0.34752,0.44088999999999995,0.10769000000000001,0.12425,0.96741
Brazil, Both sexes,19.5,11.9,9.2,9.3,8.6,8.1,6.9,2.7,2016.0,0.069,0.115,1.4909999999999999,,0.267,2016.0,3.165,34.948,6.608,12.368,Latin America and Caribbean,17,6.952000000000001,6.875,7.029,1.08754,1.03938,0.61415,0.40425,0.14165999999999998,0.15775999999999998,3.5073300000000005
Brazil, Male,31.9,19.4,14.6,14.6,13.6,12.8,11.3,3.8,2016.0,0.069,0.115,1.4909999999999999,,0.267,2016.0,3.165,34.948,6.608,12.368,Latin America and Caribbean,17,6.952000000000001,6.875,7.029,1.08754,1.03938,0.61415,0.40425,0.14165999999999998,0.15775999999999998,3.5073300000000005
Brazil, Female,12.3,6.3,4.7,4.5,4.0,3.4,2.5,1.6,2016.0,0.069,0.115,1.4909999999999999,,0.267,2016.0,3.165,34.948,6.608,12.368,Latin America and Caribbean,17,6.952000000000001,6.875,7.029,1.08754,1.03938,0.61415,0.40425,0.14165999999999998,0.15775999999999998,3.5073300000000005
Bulgaria, Both sexes,35.3,23.2,15.4,13.8,10.3,8.8,6.2,2.9,2016.0,0.16699999999999998,0.307,0.307,5.935,1.7830000000000001,2016.0,7.202999999999999,17.736,0.78,1.867,Central and Eastern Europe,129,4.217,4.104,4.33,1.11306,0.92542,0.67806,0.21219000000000002,0.00615,0.12793,1.15377
Bulgaria, Male,64.5,41.3,27.3,22.9,16.2,14.2,9.6,4.2,2016.0,0.16699999999999998,0.307,0.307,5.935,1.7830000000000001,2016.0,7.202999999999999,17.736,0.78,1.867,Central and Eastern Europe,129,4.217,4.104,4.33,1.11306,0.92542,0.67806,0.21219000000000002,0.00615,0.12793,1.15377
Bulgaria, Female,18.9,11.0,5.5,4.9,4.1,3.1,2.6,1.6,2016.0,0.16699999999999998,0.307,0.307,5.935,1.7830000000000001,2016.0,7.202999999999999,17.736,0.78,1.867,Central and Eastern Europe,129,4.217,4.104,4.33,1.11306,0.92542,0.67806,0.21219000000000002,0.00615,0.12793,1.15377
Burkina Faso, Both sexes,108.0,68.0,37.7,23.4,13.9,12.0,9.6,3.1,2016.0,,0.287,,,,2016.0,0.039,0.635,0.011000000000000001,0.022000000000000002,Sub-Saharan Africa,145,3.739,3.647,3.8310000000000004,0.31995,0.63054,0.21297,0.3337,0.12533,0.24353000000000002,1.8731900000000001
Burkina Faso, Male,214.7,111.6,54.9,34.0,21.2,15.7,12.1,4.0,2016.0,,0.287,,,,2016.0,0.039,0.635,0.011000000000000001,0.022000000000000002,Sub-Saharan Africa,145,3.739,3.647,3.8310000000000004,0.31995,0.63054,0.21297,0.3337,0.12533,0.24353000000000002,1.8731900000000001
Burkina Faso, Female,47.4,40.5,25.7,14.8,7.1,8.4,7.1,2.1,2016.0,,0.287,,,,2016.0,0.039,0.635,0.011000000000000001,0.022000000000000002,Sub-Saharan Africa,145,3.739,3.647,3.8310000000000004,0.31995,0.63054,0.21297,0.3337,0.12533,0.24353000000000002,1.8731900000000001
Burundi, Both sexes,93.7,58.2,31.0,23.9,15.1,12.9,12.9,5.7,,,,,,,,,,,,Sub-Saharan Africa,157,2.905,2.7319999999999998,3.0780000000000003,0.06831,0.23442,0.15747,0.0432,0.09419,0.2029,2.1040400000000004
Burundi, Male,174.8,94.0,45.2,34.8,22.6,19.7,19.8,7.8,,,,,,,,,,,,Sub-Saharan Africa,157,2.905,2.7319999999999998,3.0780000000000003,0.06831,0.23442,0.15747,0.0432,0.09419,0.2029,2.1040400000000004
Burundi, Female,34.0,28.3,17.3,13.5,7.9,6.4,6.5,3.6,,,,,,,,,,,,Sub-Saharan Africa,157,2.905,2.7319999999999998,3.0780000000000003,0.06831,0.23442,0.15747,0.0432,0.09419,0.2029,2.1040400000000004
Cambodia, Both sexes,15.5,13.1,10.2,5.1,6.8,9.5,8.0,2.4,2016.0,,0.006,1.1340000000000001,,,2016.0,0.387,0.27699999999999997,,7.0889999999999995,Southeastern Asia,140,3.907,3.798,4.016,0.55604,0.5375,0.42494,0.5885199999999999,0.08092,0.40339,1.3157299999999998
Cambodia, Male,25.5,21.6,14.8,7.3,10.8,15.4,11.8,3.1,2016.0,,0.006,1.1340000000000001,,,2016.0,0.387,0.27699999999999997,,7.0889999999999995,Southeastern Asia,140,3.907,3.798,4.016,0.55604,0.5375,0.42494,0.5885199999999999,0.08092,0.40339,1.3157299999999998
Cambodia, Female,9.3,7.4,7.1,3.3,3.2,4.0,4.2,1.6,2016.0,,0.006,1.1340000000000001,,,2016.0,0.387,0.27699999999999997,,7.0889999999999995,Southeastern Asia,140,3.907,3.798,4.016,0.55604,0.5375,0.42494,0.5885199999999999,0.08092,0.40339,1.3157299999999998
Cameroon, Both sexes,113.3,78.1,46.3,29.2,18.8,17.6,16.6,6.3,,,,,,,,,,,,Sub-Saharan Africa,114,4.513,4.417,4.609,0.5249699999999999,0.62542,0.12697999999999998,0.42736,0.06126,0.2268,2.5198
Cameroon, Male,168.3,97.2,55.5,37.2,27.2,27.1,25.5,9.2,,,,,,,,,,,,Sub-Saharan Africa,114,4.513,4.417,4.609,0.5249699999999999,0.62542,0.12697999999999998,0.42736,0.06126,0.2268,2.5198
Cameroon, Female,72.5,62.0,38.0,21.5,10.4,8.1,7.5,3.4,,,,,,,,,,,,Sub-Saharan Africa,114,4.513,4.417,4.609,0.5249699999999999,0.62542,0.12697999999999998,0.42736,0.06126,0.2268,2.5198
Canada, Both sexes,21.8,12.1,13.6,19.7,17.4,12.4,12.0,5.1,,,,,,,,,,,,North America,6,7.404,7.335,7.473,1.44015,1.0961,0.8276,0.5737,0.31329,0.44833999999999996,2.70485
Canada, Male,29.7,19.5,21.2,29.0,25.3,18.0,17.6,5.9,,,,,,,,,,,,North America,6,7.404,7.335,7.473,1.44015,1.0961,0.8276,0.5737,0.31329,0.44833999999999996,2.70485
Canada, Female,16.8,5.5,6.2,10.2,9.5,6.9,6.3,4.2,,,,,,,,,,,,North America,6,7.404,7.335,7.473,1.44015,1.0961,0.8276,0.5737,0.31329,0.44833999999999996,2.70485
Chad, Both sexes,76.8,55.9,33.3,25.9,16.7,14.7,13.8,4.9,2016.0,,0.006999999999999999,0.006999999999999999,,,2016.0,0.006999999999999999,0.021,0.006999999999999999,,Sub-Saharan Africa,144,3.763,3.6719999999999997,3.8539999999999996,0.42213999999999996,0.63178,0.038239999999999996,0.12807000000000002,0.04952,0.18667,2.3063700000000003
Chad, Male,83.8,49.4,29.7,24.5,19.8,19.4,19.3,5.6,2016.0,,0.006999999999999999,0.006999999999999999,,,2016.0,0.006999999999999999,0.021,0.006999999999999999,,Sub-Saharan Africa,144,3.763,3.6719999999999997,3.8539999999999996,0.42213999999999996,0.63178,0.038239999999999996,0.12807000000000002,0.04952,0.18667,2.3063700000000003
Chad, Female,71.7,61.5,36.4,27.1,13.5,9.9,8.2,4.2,2016.0,,0.006999999999999999,0.006999999999999999,,,2016.0,0.006999999999999999,0.021,0.006999999999999999,,Sub-Saharan Africa,144,3.763,3.6719999999999997,3.8539999999999996,0.42213999999999996,0.63178,0.038239999999999996,0.12807000000000002,0.04952,0.18667,2.3063700000000003
Chile, Both sexes,15.3,15.5,12.9,14.3,14.4,13.0,12.9,4.9,2016.0,0.023,0.175,0.8390000000000001,0.315,1.171,2016.0,6.97,1.88,,,Latin America and Caribbean,24,6.705,6.615,6.795,1.2167,0.9058700000000001,0.8188300000000001,0.37789,0.11450999999999999,0.31595,2.95505
Chile, Male,39.4,30.2,22.7,22.6,23.2,21.1,20.6,6.6,2016.0,0.023,0.175,0.8390000000000001,0.315,1.171,2016.0,6.97,1.88,,,Latin America and Caribbean,24,6.705,6.615,6.795,1.2167,0.9058700000000001,0.8188300000000001,0.37789,0.11450999999999999,0.31595,2.95505
Chile, Female,2.5,4.1,4.1,6.2,5.6,4.7,4.8,3.1,2016.0,0.023,0.175,0.8390000000000001,0.315,1.171,2016.0,6.97,1.88,,,Latin America and Caribbean,24,6.705,6.615,6.795,1.2167,0.9058700000000001,0.8188300000000001,0.37789,0.11450999999999999,0.31595,2.95505
China, Both sexes,61.3,44.0,23.4,10.5,6.3,6.0,5.0,1.9,,,,,,,,,,,,Eastern Asia,83,5.245,5.199,5.291,1.0278,0.79381,0.73561,0.44011999999999996,0.02745,0.049589999999999995,2.17087
China, Male,73.2,51.2,24.2,9.0,4.8,4.7,4.4,1.5,,,,,,,,,,,,Eastern Asia,83,5.245,5.199,5.291,1.0278,0.79381,0.73561,0.44011999999999996,0.02745,0.049589999999999995,2.17087
China, Female,52.3,37.1,22.6,12.1,7.8,7.4,5.7,2.3,,,,,,,,,,,,Eastern Asia,83,5.245,5.199,5.291,1.0278,0.79381,0.73561,0.44011999999999996,0.02745,0.049589999999999995,2.17087
Colombia, Both sexes,10.1,10.1,8.7,8.0,7.0,7.8,11.2,7.3,2016.0,1.9880000000000002,0.222,0.292,,,2016.0,1.835,0.0,,,Latin America and Caribbean,31,6.481,6.3839999999999995,6.577999999999999,1.0303200000000001,1.02169,0.59659,0.44735,0.053989999999999996,0.15625999999999998,3.1747099999999997
Colombia, Male,22.9,20.6,16.2,13.9,11.9,13.0,17.9,9.6,2016.0,1.9880000000000002,0.222,0.292,,,2016.0,1.835,0.0,,,Latin America and Caribbean,31,6.481,6.3839999999999995,6.577999999999999,1.0303200000000001,1.02169,0.59659,0.44735,0.053989999999999996,0.15625999999999998,3.1747099999999997
Colombia, Female,1.8,1.9,2.3,2.7,2.3,2.8,4.4,5.0,2016.0,1.9880000000000002,0.222,0.292,,,2016.0,1.835,0.0,,,Latin America and Caribbean,31,6.481,6.3839999999999995,6.577999999999999,1.0303200000000001,1.02169,0.59659,0.44735,0.053989999999999996,0.15625999999999998,3.1747099999999997
Comoros, Both sexes,70.1,50.1,28.1,20.0,11.4,7.9,7.6,2.4,,,,,,,,,,,,Sub-Saharan Africa,138,3.9560000000000004,3.86,4.052,0.27509,0.60323,0.29980999999999997,0.15412,0.18437,0.1827,2.25632
Comoros, Male,138.1,85.6,43.5,30.4,17.2,11.5,10.7,3.1,,,,,,,,,,,,Sub-Saharan Africa,138,3.9560000000000004,3.86,4.052,0.27509,0.60323,0.29980999999999997,0.15412,0.18437,0.1827,2.25632
Comoros, Female,24.6,21.1,13.9,9.8,5.5,4.2,4.4,1.7,,,,,,,,,,,,Sub-Saharan Africa,138,3.9560000000000004,3.86,4.052,0.27509,0.60323,0.29980999999999997,0.15412,0.18437,0.1827,2.25632
Costa Rica, Both sexes,9.4,8.7,8.3,11.5,10.4,10.1,11.0,4.4,2016.0,0.042,0.042,1.706,0.125,0.042,2016.0,3.931,5.699,76.957,142.018,Latin America and Caribbean,14,7.087000000000001,6.999,7.175,1.06879,1.02152,0.76146,0.55225,0.10547000000000001,0.22553,3.3516800000000004
Costa Rica, Male,14.5,17.4,15.6,20.0,18.0,17.2,18.5,6.5,2016.0,0.042,0.042,1.706,0.125,0.042,2016.0,3.931,5.699,76.957,142.018,Latin America and Caribbean,14,7.087000000000001,6.999,7.175,1.06879,1.02152,0.76146,0.55225,0.10547000000000001,0.22553,3.3516800000000004
Costa Rica, Female,5.7,0.9,1.3,3.4,2.9,2.8,3.3,2.3,2016.0,0.042,0.042,1.706,0.125,0.042,2016.0,3.931,5.699,76.957,142.018,Latin America and Caribbean,14,7.087000000000001,6.999,7.175,1.06879,1.02152,0.76146,0.55225,0.10547000000000001,0.22553,3.3516800000000004
Croatia, Both sexes,40.9,30.7,25.5,22.2,17.0,12.1,8.9,3.4,2016.0,0.165,0.519,3.093,0.8029999999999999,,2016.0,11.095,41.856,1.298,4.367,Central and Eastern Europe,74,5.4879999999999995,5.402,5.574,1.18649,0.6080899999999999,0.70524,0.23906999999999998,0.04002,0.18434,2.52462
Croatia, Male,91.5,52.9,38.6,37.0,23.7,20.2,14.7,5.8,2016.0,0.165,0.519,3.093,0.8029999999999999,,2016.0,11.095,41.856,1.298,4.367,Central and Eastern Europe,74,5.4879999999999995,5.402,5.574,1.18649,0.6080899999999999,0.70524,0.23906999999999998,0.04002,0.18434,2.52462
Croatia, Female,17.6,15.6,14.0,8.1,10.2,3.9,2.8,0.9,2016.0,0.165,0.519,3.093,0.8029999999999999,,2016.0,11.095,41.856,1.298,4.367,Central and Eastern Europe,74,5.4879999999999995,5.402,5.574,1.18649,0.6080899999999999,0.70524,0.23906999999999998,0.04002,0.18434,2.52462
Cyprus, Both sexes,6.8,7.4,8.9,6.3,6.2,6.1,6.2,1.6,,,,,,,,,,,,Western Europe,69,5.546,5.442,5.65,1.31857,0.70697,0.8488,0.29507,0.05227999999999999,0.27906,2.04497
Cyprus, Male,9.3,14.7,12.9,9.9,11.0,9.7,8.2,3.1,,,,,,,,,,,,Western Europe,69,5.546,5.442,5.65,1.31857,0.70697,0.8488,0.29507,0.05227999999999999,0.27906,2.04497
Cyprus, Female,5.2,1.2,5.0,2.7,1.7,2.5,3.8,0.0,,,,,,,,,,,,Western Europe,69,5.546,5.442,5.65,1.31857,0.70697,0.8488,0.29507,0.05227999999999999,0.27906,2.04497
Denmark, Both sexes,49.6,20.0,17.1,17.6,16.7,9.2,6.1,2.2,,,,,,,,,,,,Western Europe,1,7.526,7.46,7.5920000000000005,1.4417799999999998,1.16374,0.79504,0.5794100000000001,0.44453000000000004,0.36171,2.73939
Denmark, Male,56.4,29.1,23.9,25.7,25.7,12.7,9.0,3.1,,,,,,,,,,,,Western Europe,1,7.526,7.46,7.5920000000000005,1.4417799999999998,1.16374,0.79504,0.5794100000000001,0.44453000000000004,0.36171,2.73939
Denmark, Female,45.3,11.8,10.5,9.4,7.5,5.6,3.1,1.3,,,,,,,,,,,,Western Europe,1,7.526,7.46,7.5920000000000005,1.4417799999999998,1.16374,0.79504,0.5794100000000001,0.44453000000000004,0.36171,2.73939
Dominican Republic, Both sexes,22.0,16.8,15.4,12.6,13.4,16.2,15.4,3.8,2016.0,,0.076,1.7480000000000002,0.019,,2016.0,2.28,,0.294,7.598,Latin America and Caribbean,89,5.155,5.037,5.273,1.02787,0.9949600000000001,0.5766899999999999,0.52259,0.12372000000000001,0.21286,1.6962599999999999
Dominican Republic, Male,32.8,28.0,27.1,22.3,23.8,28.6,26.1,5.3,2016.0,,0.076,1.7480000000000002,0.019,,2016.0,2.28,,0.294,7.598,Latin America and Caribbean,89,5.155,5.037,5.273,1.02787,0.9949600000000001,0.5766899999999999,0.52259,0.12372000000000001,0.21286,1.6962599999999999
Dominican Republic, Female,13.1,6.6,4.3,3.1,3.3,4.2,4.7,2.2,2016.0,,0.076,1.7480000000000002,0.019,,2016.0,2.28,,0.294,7.598,Latin America and Caribbean,89,5.155,5.037,5.273,1.02787,0.9949600000000001,0.5766899999999999,0.52259,0.12372000000000001,0.21286,1.6962599999999999
Ecuador, Both sexes,16.5,10.8,8.6,6.6,7.1,8.3,10.5,8.8,2016.0,0.025,0.17300000000000001,0.242,3.01,,2016.0,0.45799999999999996,0.055999999999999994,0.019,7.662000000000001,Latin America and Caribbean,51,5.976,5.88,6.072,0.97306,0.85974,0.68613,0.4027,0.18037,0.10074,2.77366
Ecuador, Male,30.1,18.6,14.4,10.5,12.0,12.9,14.8,10.0,2016.0,0.025,0.17300000000000001,0.242,3.01,,2016.0,0.45799999999999996,0.055999999999999994,0.019,7.662000000000001,Latin America and Caribbean,51,5.976,5.88,6.072,0.97306,0.85974,0.68613,0.4027,0.18037,0.10074,2.77366
Ecuador, Female,6.2,4.0,3.2,2.8,2.3,3.7,6.1,7.6,2016.0,0.025,0.17300000000000001,0.242,3.01,,2016.0,0.45799999999999996,0.055999999999999994,0.019,7.662000000000001,Latin America and Caribbean,51,5.976,5.88,6.072,0.97306,0.85974,0.68613,0.4027,0.18037,0.10074,2.77366
Egypt, Both sexes,8.6,6.5,6.0,6.4,5.1,6.2,6.4,2.3,2016.0,0.019,,0.031,0.011000000000000001,,2016.0,1.6,4.7989999999999995,0.44799999999999995,0.256,Middle East and Northern Africa,120,4.362,4.2589999999999995,4.465,0.95395,0.49813,0.5211600000000001,0.18847,0.10393,0.12705999999999998,1.96895
Egypt, Male,13.7,10.8,9.4,10.7,8.8,10.4,10.4,3.4,2016.0,0.019,,0.031,0.011000000000000001,,2016.0,1.6,4.7989999999999995,0.44799999999999995,0.256,Middle East and Northern Africa,120,4.362,4.2589999999999995,4.465,0.95395,0.49813,0.5211600000000001,0.18847,0.10393,0.12705999999999998,1.96895
Egypt, Female,5.5,3.2,2.9,2.1,1.4,2.0,2.3,1.2,2016.0,0.019,,0.031,0.011000000000000001,,2016.0,1.6,4.7989999999999995,0.44799999999999995,0.256,Middle East and Northern Africa,120,4.362,4.2589999999999995,4.465,0.95395,0.49813,0.5211600000000001,0.18847,0.10393,0.12705999999999998,1.96895
El Salvador, Both sexes,14.0,11.0,11.2,11.9,13.1,18.2,30.1,10.9,2016.0,0.032,0.253,0.7290000000000001,,,2016.0,0.887,,0.301,2.075,Latin America and Caribbean,46,6.068,5.9670000000000005,6.169,0.8737,0.80975,0.596,0.37269,0.10613,0.08877,3.22134
El Salvador, Male,27.6,22.3,23.5,24.8,25.6,35.5,53.5,14.2,2016.0,0.032,0.253,0.7290000000000001,,,2016.0,0.887,,0.301,2.075,Latin America and Caribbean,46,6.068,5.9670000000000005,6.169,0.8737,0.80975,0.596,0.37269,0.10613,0.08877,3.22134
El Salvador, Female,4.1,2.3,2.1,2.3,3.4,4.5,8.8,7.6,2016.0,0.032,0.253,0.7290000000000001,,,2016.0,0.887,,0.301,2.075,Latin America and Caribbean,46,6.068,5.9670000000000005,6.169,0.8737,0.80975,0.596,0.37269,0.10613,0.08877,3.22134
Estonia, Both sexes,36.2,28.3,21.0,24.5,17.8,17.7,15.8,8.4,2016.0,0.152,0.684,14.82,17.176,3.4960000000000004,2016.0,16.188,23.484,0.532,6.46,Central and Eastern Europe,72,5.517,5.437,5.597,1.2796399999999999,1.0516299999999998,0.68098,0.41511000000000003,0.18519000000000002,0.08423,1.81985
Estonia, Male,83.2,59.5,42.5,42.3,29.3,28.1,28.5,14.8,2016.0,0.152,0.684,14.82,17.176,3.4960000000000004,2016.0,16.188,23.484,0.532,6.46,Central and Eastern Europe,72,5.517,5.437,5.597,1.2796399999999999,1.0516299999999998,0.68098,0.41511000000000003,0.18519000000000002,0.08423,1.81985
Estonia, Female,20.2,11.4,5.4,8.6,6.3,6.8,2.3,1.6,2016.0,0.152,0.684,14.82,17.176,3.4960000000000004,2016.0,16.188,23.484,0.532,6.46,Central and Eastern Europe,72,5.517,5.437,5.597,1.2796399999999999,1.0516299999999998,0.68098,0.41511000000000003,0.18519000000000002,0.08423,1.81985
Ethiopia, Both sexes,87.6,51.4,24.7,16.0,11.5,9.7,8.1,3.6,,,,,,,,,,,,Sub-Saharan Africa,115,4.508,4.425,4.591,0.29283000000000003,0.37932,0.34578000000000003,0.36703,0.1717,0.29522,2.65614
Ethiopia, Male,160.5,86.3,39.4,26.3,18.5,15.3,13.0,5.3,,,,,,,,,,,,Sub-Saharan Africa,115,4.508,4.425,4.591,0.29283000000000003,0.37932,0.34578000000000003,0.36703,0.1717,0.29522,2.65614
Ethiopia, Female,26.6,21.0,11.7,6.9,4.5,4.3,3.3,1.9,,,,,,,,,,,,Sub-Saharan Africa,115,4.508,4.425,4.591,0.29283000000000003,0.37932,0.34578000000000003,0.36703,0.1717,0.29522,2.65614
Finland, Both sexes,22.0,18.7,16.5,22.4,19.9,18.7,20.6,4.9,,,,,,,,,,,,Western Europe,5,7.412999999999999,7.351,7.475,1.40598,1.1346399999999999,0.81091,0.57104,0.41003999999999996,0.25492,2.82596
Finland, Male,40.3,29.5,24.7,32.9,30.5,27.6,31.5,6.8,,,,,,,,,,,,Western Europe,5,7.412999999999999,7.351,7.475,1.40598,1.1346399999999999,0.81091,0.57104,0.41003999999999996,0.25492,2.82596
Finland, Female,12.3,9.7,8.8,12.0,8.9,9.2,9.2,2.8,,,,,,,,,,,,Western Europe,5,7.412999999999999,7.351,7.475,1.40598,1.1346399999999999,0.81091,0.57104,0.41003999999999996,0.25492,2.82596
France, Both sexes,73.4,27.2,20.3,23.2,21.8,13.4,8.0,2.2,,,,,,,,,,,,Western Europe,32,6.478,6.397,6.559,1.39488,1.00508,0.83795,0.46562,0.17808,0.1216,2.4744
France, Male,96.8,37.2,28.1,35.0,33.9,20.6,12.0,2.9,,,,,,,,,,,,Western Europe,32,6.478,6.397,6.559,1.39488,1.00508,0.83795,0.46562,0.17808,0.1216,2.4744
France, Female,60.1,18.5,13.0,11.8,9.6,5.9,3.9,1.5,,,,,,,,,,,,Western Europe,32,6.478,6.397,6.559,1.39488,1.00508,0.83795,0.46562,0.17808,0.1216,2.4744
Gabon, Both sexes,64.4,41.1,23.7,14.5,8.3,7.1,7.1,4.4,2016.0,0.052000000000000005,,0.052000000000000005,,,2016.0,0.259,0.518,0.10400000000000001,0.777,Sub-Saharan Africa,134,4.121,4.03,4.212,1.15851,0.72368,0.3494,0.28098,0.09314,0.062439999999999996,1.4533200000000002
Gabon, Male,123.1,67.4,35.7,21.5,12.0,10.4,11.2,7.0,2016.0,0.052000000000000005,,0.052000000000000005,,,2016.0,0.259,0.518,0.10400000000000001,0.777,Sub-Saharan Africa,134,4.121,4.03,4.212,1.15851,0.72368,0.3494,0.28098,0.09314,0.062439999999999996,1.4533200000000002
Gabon, Female,24.2,19.4,12.1,7.0,4.0,3.2,2.8,1.8,2016.0,0.052000000000000005,,0.052000000000000005,,,2016.0,0.259,0.518,0.10400000000000001,0.777,Sub-Saharan Africa,134,4.121,4.03,4.212,1.15851,0.72368,0.3494,0.28098,0.09314,0.062439999999999996,1.4533200000000002
Georgia, Both sexes,20.9,15.3,12.6,12.5,9.7,7.3,6.0,2.8,2016.0,0.228,0.076,0.6829999999999999,0.10099999999999999,,2016.0,6.706,5.922000000000001,,2.3280000000000003,Central and Eastern Europe,126,4.252,4.164,4.34,0.8379200000000001,0.19249000000000002,0.64035,0.32461,0.3188,0.06786,1.87031
Georgia, Male,42.6,29.4,23.2,22.8,17.6,13.7,10.7,4.4,2016.0,0.228,0.076,0.6829999999999999,0.10099999999999999,,2016.0,6.706,5.922000000000001,,2.3280000000000003,Central and Eastern Europe,126,4.252,4.164,4.34,0.8379200000000001,0.19249000000000002,0.64035,0.32461,0.3188,0.06786,1.87031
Georgia, Female,10.5,6.8,4.6,3.6,2.2,1.2,1.1,1.0,2016.0,0.228,0.076,0.6829999999999999,0.10099999999999999,,2016.0,6.706,5.922000000000001,,2.3280000000000003,Central and Eastern Europe,126,4.252,4.164,4.34,0.8379200000000001,0.19249000000000002,0.64035,0.32461,0.3188,0.06786,1.87031
Germany, Both sexes,39.2,23.2,16.1,17.3,13.3,10.4,7.6,2.6,,,,,,,,,,,,Western Europe,16,6.994,6.93,7.058,1.44787,1.09774,0.81487,0.53466,0.28551,0.30451999999999996,2.5093099999999997
Germany, Male,68.9,35.8,23.2,25.0,19.3,15.9,11.5,3.3,,,,,,,,,,,,Western Europe,16,6.994,6.93,7.058,1.44787,1.09774,0.81487,0.53466,0.28551,0.30451999999999996,2.5093099999999997
Germany, Female,22.2,12.5,9.4,9.4,7.1,4.7,3.4,1.8,,,,,,,,,,,,Western Europe,16,6.994,6.93,7.058,1.44787,1.09774,0.81487,0.53466,0.28551,0.30451999999999996,2.5093099999999997
Ghana, Both sexes,70.7,46.9,23.6,12.5,7.5,6.1,5.3,1.9,2016.0,0.011000000000000001,1.095,2.378,0.018000000000000002,0.015,2016.0,0.057999999999999996,7.733,,0.065,Sub-Saharan Africa,124,4.276,4.185,4.367,0.63107,0.49353,0.29681,0.40973000000000004,0.0326,0.21203000000000002,2.2002
Ghana, Male,165.0,88.5,42.7,22.4,13.2,9.9,7.6,2.3,2016.0,0.011000000000000001,1.095,2.378,0.018000000000000002,0.015,2016.0,0.057999999999999996,7.733,,0.065,Sub-Saharan Africa,124,4.276,4.185,4.367,0.63107,0.49353,0.29681,0.40973000000000004,0.0326,0.21203000000000002,2.2002
Ghana, Female,15.7,12.0,6.6,3.4,2.2,2.5,3.0,1.4,2016.0,0.011000000000000001,1.095,2.378,0.018000000000000002,0.015,2016.0,0.057999999999999996,7.733,,0.065,Sub-Saharan Africa,124,4.276,4.185,4.367,0.63107,0.49353,0.29681,0.40973000000000004,0.0326,0.21203000000000002,2.2002
Greece, Both sexes,7.2,6.4,7.1,7.5,6.4,4.3,4.0,0.7,2016.0,0.027000000000000003,0.33,1.3459999999999999,1.319,6.178,2016.0,5.803,12.748,3.4589999999999996,8.781,Western Europe,99,5.033,4.935,5.131,1.24886,0.75473,0.80029,0.05822000000000001,0.04127,0.0,2.12944
Greece, Male,14.3,12.0,11.7,12.3,10.3,6.1,6.3,1.1,2016.0,0.027000000000000003,0.33,1.3459999999999999,1.319,6.178,2016.0,5.803,12.748,3.4589999999999996,8.781,Western Europe,99,5.033,4.935,5.131,1.24886,0.75473,0.80029,0.05822000000000001,0.04127,0.0,2.12944
Greece, Female,2.4,1.8,3.0,2.8,2.5,2.4,1.5,0.3,2016.0,0.027000000000000003,0.33,1.3459999999999999,1.319,6.178,2016.0,5.803,12.748,3.4589999999999996,8.781,Western Europe,99,5.033,4.935,5.131,1.24886,0.75473,0.80029,0.05822000000000001,0.04127,0.0,2.12944
Guatemala, Both sexes,7.4,2.8,4.1,3.1,3.5,3.2,4.3,3.1,2016.0,0.006,0.006,1.4340000000000002,,0.006,2016.0,0.49200000000000005,1.071,0.006,46.147,Latin America and Caribbean,39,6.324,6.212999999999999,6.435,0.83454,0.8711899999999999,0.5403899999999999,0.50379,0.08701,0.28808,3.19863
Guatemala, Male,6.6,5.3,7.8,5.6,6.5,5.1,5.9,2.6,2016.0,0.006,0.006,1.4340000000000002,,0.006,2016.0,0.49200000000000005,1.071,0.006,46.147,Latin America and Caribbean,39,6.324,6.212999999999999,6.435,0.83454,0.8711899999999999,0.5403899999999999,0.50379,0.08701,0.28808,3.19863
Guatemala, Female,8.0,0.8,1.1,1.0,0.9,1.5,2.6,3.6,2016.0,0.006,0.006,1.4340000000000002,,0.006,2016.0,0.49200000000000005,1.071,0.006,46.147,Latin America and Caribbean,39,6.324,6.212999999999999,6.435,0.83454,0.8711899999999999,0.5403899999999999,0.50379,0.08701,0.28808,3.19863
Guinea, Both sexes,78.5,50.5,27.8,15.9,8.7,7.3,7.9,2.7,2016.0,,0.008,,,,2016.0,0.025,,0.008,0.008,Sub-Saharan Africa,151,3.6069999999999998,3.533,3.681,0.22415,0.3109,0.18829,0.30953,0.1192,0.29914,2.15604
Guinea, Male,102.2,55.1,31.1,18.7,11.6,10.0,9.9,3.0,2016.0,,0.008,,,,2016.0,0.025,,0.008,0.008,Sub-Saharan Africa,151,3.6069999999999998,3.533,3.681,0.22415,0.3109,0.18829,0.30953,0.1192,0.29914,2.15604
Guinea, Female,59.9,46.5,24.8,13.3,5.8,4.5,5.8,2.4,2016.0,,0.008,,,,2016.0,0.025,,0.008,0.008,Sub-Saharan Africa,151,3.6069999999999998,3.533,3.681,0.22415,0.3109,0.18829,0.30953,0.1192,0.29914,2.15604
Haiti, Both sexes,15.0,12.7,11.6,10.7,13.6,18.8,21.5,9.7,2016.0,0.019,0.009000000000000001,0.131,,,2016.0,0.075,0.233,0.373,0.56,Latin America and Caribbean,136,4.0280000000000005,3.8930000000000002,4.163,0.34097,0.29561,0.27494,0.12072000000000001,0.14476,0.47958,2.3711599999999997
Haiti, Male,24.7,20.6,19.3,17.5,22.3,30.3,31.5,10.4,2016.0,0.019,0.009000000000000001,0.131,,,2016.0,0.075,0.233,0.373,0.56,Latin America and Caribbean,136,4.0280000000000005,3.8930000000000002,4.163,0.34097,0.29561,0.27494,0.12072000000000001,0.14476,0.47958,2.3711599999999997
Haiti, Female,8.3,6.4,4.9,4.4,5.6,7.8,11.6,9.1,2016.0,0.019,0.009000000000000001,0.131,,,2016.0,0.075,0.233,0.373,0.56,Latin America and Caribbean,136,4.0280000000000005,3.8930000000000002,4.163,0.34097,0.29561,0.27494,0.12072000000000001,0.14476,0.47958,2.3711599999999997
Honduras, Both sexes,15.8,5.3,4.9,5.4,4.4,4.5,4.0,1.3,,,,,,,,,,,,Latin America and Caribbean,104,4.871,4.75,4.992,0.69429,0.7559600000000001,0.5838300000000001,0.26755,0.06906,0.2044,2.2955099999999997
Honduras, Male,27.9,7.8,8.4,8.5,7.1,7.2,5.7,1.5,,,,,,,,,,,,Latin America and Caribbean,104,4.871,4.75,4.992,0.69429,0.7559600000000001,0.5838300000000001,0.26755,0.06906,0.2044,2.2955099999999997
Honduras, Female,7.2,3.3,1.9,2.6,1.9,1.9,2.2,1.1,,,,,,,,,,,,Latin America and Caribbean,104,4.871,4.75,4.992,0.69429,0.7559600000000001,0.5838300000000001,0.26755,0.06906,0.2044,2.2955099999999997
Hungary, Both sexes,47.4,37.3,28.1,30.0,21.3,13.7,8.9,2.7,2016.0,,2.647,8.269,0.02,0.28600000000000003,2016.0,11.079,33.739000000000004,,2.484,Central and Eastern Europe,91,5.145,5.056,5.234,1.24142,0.9316399999999999,0.67608,0.1977,0.044719999999999996,0.099,1.9547299999999999
Hungary, Male,99.3,67.5,48.3,47.5,32.7,21.2,14.1,4.1,2016.0,,2.647,8.269,0.02,0.28600000000000003,2016.0,11.079,33.739000000000004,,2.484,Central and Eastern Europe,91,5.145,5.056,5.234,1.24142,0.9316399999999999,0.67608,0.1977,0.044719999999999996,0.099,1.9547299999999999
Hungary, Female,25.9,19.0,12.2,14.2,9.8,6.0,3.5,1.3,2016.0,,2.647,8.269,0.02,0.28600000000000003,2016.0,11.079,33.739000000000004,,2.484,Central and Eastern Europe,91,5.145,5.056,5.234,1.24142,0.9316399999999999,0.67608,0.1977,0.044719999999999996,0.099,1.9547299999999999
Iceland, Both sexes,8.0,8.5,24.0,13.4,20.4,21.2,14.9,10.8,2016.0,0.303,4.542,3.028,,,,,,,,Western Europe,3,7.501,7.332999999999999,7.669,1.42666,1.18326,0.8673299999999999,0.56624,0.14975,0.47678000000000004,2.83137
Iceland, Male,0.0,12.2,37.4,17.7,38.2,30.5,25.1,21.2,2016.0,0.303,4.542,3.028,,,,,,,,Western Europe,3,7.501,7.332999999999999,7.669,1.42666,1.18326,0.8673299999999999,0.56624,0.14975,0.47678000000000004,2.83137
Iceland, Female,13.7,5.1,10.3,9.3,2.4,11.6,4.2,0.0,2016.0,0.303,4.542,3.028,,,,,,,,Western Europe,3,7.501,7.332999999999999,7.669,1.42666,1.18326,0.8673299999999999,0.56624,0.14975,0.47678000000000004,2.83137
India, Both sexes,24.5,21.9,17.5,16.8,17.7,22.9,30.3,11.2,2016.0,0.01,0.03,0.17600000000000002,0.023,0.017,2016.0,0.292,0.7959999999999999,0.065,0.069,Southern Asia,118,4.404,4.351,4.457,0.74036,0.29247,0.45091000000000003,0.40285,0.08722,0.25028,2.18032
India, Male,37.7,25.3,21.7,22.5,24.2,29.4,27.8,7.8,2016.0,0.01,0.03,0.17600000000000002,0.023,0.017,2016.0,0.292,0.7959999999999999,0.065,0.069,Southern Asia,118,4.404,4.351,4.457,0.74036,0.29247,0.45091000000000003,0.40285,0.08722,0.25028,2.18032
India, Female,13.6,18.9,13.3,10.9,10.9,15.8,33.1,15.0,2016.0,0.01,0.03,0.17600000000000002,0.023,0.017,2016.0,0.292,0.7959999999999999,0.065,0.069,Southern Asia,118,4.404,4.351,4.457,0.74036,0.29247,0.45091000000000003,0.40285,0.08722,0.25028,2.18032
Indonesia, Both sexes,14.4,7.9,6.6,4.6,4.5,3.6,5.1,2.0,2016.0,0.019,0.10400000000000001,,,,2016.0,0.31,2.5180000000000002,,0.175,Southeastern Asia,79,5.314,5.237,5.391,0.95104,0.87625,0.49373999999999996,0.39237,0.00322,0.56521,2.03171
Indonesia, Male,18.2,12.0,9.4,6.9,6.4,4.9,7.4,2.7,2016.0,0.019,0.10400000000000001,,,,2016.0,0.31,2.5180000000000002,,0.175,Southeastern Asia,79,5.314,5.237,5.391,0.95104,0.87625,0.49373999999999996,0.39237,0.00322,0.56521,2.03171
Indonesia, Female,12.0,4.6,3.7,2.4,2.6,2.2,2.6,1.3,2016.0,0.019,0.10400000000000001,,,,2016.0,0.31,2.5180000000000002,,0.175,Southeastern Asia,79,5.314,5.237,5.391,0.95104,0.87625,0.49373999999999996,0.39237,0.00322,0.56521,2.03171
Iraq, Both sexes,9.1,5.8,5.6,6.6,7.0,5.4,4.8,1.2,,,,,,,,,,,,Middle East and Northern Africa,112,4.575,4.446000000000001,4.704,1.07474,0.59205,0.51076,0.24856,0.13635999999999998,0.19589,1.81657
Iraq, Male,11.9,7.1,6.5,8.3,7.8,6.3,5.4,1.3,,,,,,,,,,,,Middle East and Northern Africa,112,4.575,4.446000000000001,4.704,1.07474,0.59205,0.51076,0.24856,0.13635999999999998,0.19589,1.81657
Iraq, Female,7.4,4.8,4.8,5.0,6.1,4.5,4.2,1.0,,,,,,,,,,,,Middle East and Northern Africa,112,4.575,4.446000000000001,4.704,1.07474,0.59205,0.51076,0.24856,0.13635999999999998,0.19589,1.81657
Ireland, Both sexes,11.0,8.2,12.4,19.5,18.0,13.7,15.8,4.1,2016.0,0.617,0.617,3.83,0.085,4.468,,,,,,Western Europe,19,6.907,6.836,6.978,1.4834100000000001,1.16157,0.81455,0.54008,0.29754,0.44963000000000003,2.15988
Ireland, Male,11.7,13.0,22.0,31.8,29.2,22.7,25.8,5.9,2016.0,0.617,0.617,3.83,0.085,4.468,,,,,,Western Europe,19,6.907,6.836,6.978,1.4834100000000001,1.16157,0.81455,0.54008,0.29754,0.44963000000000003,2.15988
Ireland, Female,10.6,3.8,3.1,7.4,6.8,5.2,5.9,2.2,2016.0,0.617,0.617,3.83,0.085,4.468,,,,,,Western Europe,19,6.907,6.836,6.978,1.4834100000000001,1.16157,0.81455,0.54008,0.29754,0.44963000000000003,2.15988
Israel, Both sexes,19.0,9.8,7.9,9.4,8.4,5.7,5.9,1.4,2016.0,0.161,0.136,,,1.6369999999999998,2016.0,9.87,,,88.089,Middle East and Northern Africa,11,7.267,7.199,7.335,1.33766,0.9953700000000001,0.8491700000000001,0.36432,0.08728,0.32288,3.31029
Israel, Male,27.5,13.6,12.2,15.0,14.3,8.2,9.7,2.1,2016.0,0.161,0.136,,,1.6369999999999998,2016.0,9.87,,,88.089,Middle East and Northern Africa,11,7.267,7.199,7.335,1.33766,0.9953700000000001,0.8491700000000001,0.36432,0.08728,0.32288,3.31029
Israel, Female,13.5,6.6,4.0,4.1,2.7,3.1,2.0,0.7,2016.0,0.161,0.136,,,1.6369999999999998,2016.0,9.87,,,88.089,Middle East and Northern Africa,11,7.267,7.199,7.335,1.33766,0.9953700000000001,0.8491700000000001,0.36432,0.08728,0.32288,3.31029
Italy, Both sexes,22.9,13.3,10.2,9.5,8.1,6.4,5.0,1.4,,,,,,,,,,,,Western Europe,50,5.977,5.898,6.056,1.35495,1.04167,0.8510200000000001,0.18827,0.02556,0.16684000000000002,2.34918
Italy, Male,37.0,20.6,15.7,13.9,12.4,10.1,8.1,1.8,,,,,,,,,,,,Western Europe,50,5.977,5.898,6.056,1.35495,1.04167,0.8510200000000001,0.18827,0.02556,0.16684000000000002,2.34918
Italy, Female,14.6,7.2,5.1,5.2,3.8,2.6,1.9,0.9,,,,,,,,,,,,Western Europe,50,5.977,5.898,6.056,1.35495,1.04167,0.8510200000000001,0.18827,0.02556,0.16684000000000002,2.34918
Jamaica, Both sexes,5.3,3.7,2.8,2.9,2.7,2.5,2.8,1.2,,,,,,,,,,,,Latin America and Caribbean,73,5.51,5.315,5.705,0.89333,0.96372,0.5946899999999999,0.43596999999999997,0.04294,0.22245,2.35682
Jamaica, Male,6.7,5.5,4.4,4.9,4.3,4.1,4.3,1.4,,,,,,,,,,,,Latin America and Caribbean,73,5.51,5.315,5.705,0.89333,0.96372,0.5946899999999999,0.43596999999999997,0.04294,0.22245,2.35682
Jamaica, Female,4.3,2.1,1.2,1.0,1.0,1.0,1.3,0.9,,,,,,,,,,,,Latin America and Caribbean,73,5.51,5.315,5.705,0.89333,0.96372,0.5946899999999999,0.43596999999999997,0.04294,0.22245,2.35682
Japan, Both sexes,27.8,25.7,20.8,23.9,20.7,18.6,18.6,4.8,2016.0,8.314,0.45,7.223,3.759,0.366,2016.0,11.867,83.805,8.328,3.037,Eastern Asia,53,5.921,5.85,5.992000000000001,1.3800700000000001,1.06054,0.91491,0.46761,0.18985,0.10224,1.8058400000000001
Japan, Male,42.6,35.5,28.9,34.5,29.8,26.8,27.1,6.6,2016.0,8.314,0.45,7.223,3.759,0.366,2016.0,11.867,83.805,8.328,3.037,Eastern Asia,53,5.921,5.85,5.992000000000001,1.3800700000000001,1.06054,0.91491,0.46761,0.18985,0.10224,1.8058400000000001
Japan, Female,19.7,17.5,12.9,13.1,11.3,10.0,9.6,3.0,2016.0,8.314,0.45,7.223,3.759,0.366,2016.0,11.867,83.805,8.328,3.037,Eastern Asia,53,5.921,5.85,5.992000000000001,1.3800700000000001,1.06054,0.91491,0.46761,0.18985,0.10224,1.8058400000000001
Jordan, Both sexes,18.8,9.9,5.8,4.9,5.2,4.6,3.9,1.1,2016.0,0.055,0.033,0.513,,,2016.0,1.125,3.2969999999999997,0.218,1.266,Middle East and Northern Africa,80,5.303,5.187,5.419,0.9967299999999999,0.86216,0.60712,0.36023,0.13297,0.14262,2.20142
Jordan, Male,25.8,14.2,7.7,6.5,6.0,5.7,4.7,1.2,2016.0,0.055,0.033,0.513,,,2016.0,1.125,3.2969999999999997,0.218,1.266,Middle East and Northern Africa,80,5.303,5.187,5.419,0.9967299999999999,0.86216,0.60712,0.36023,0.13297,0.14262,2.20142
Jordan, Female,13.2,6.0,4.1,3.2,4.3,3.4,3.0,1.0,2016.0,0.055,0.033,0.513,,,2016.0,1.125,3.2969999999999997,0.218,1.266,Middle East and Northern Africa,80,5.303,5.187,5.419,0.9967299999999999,0.86216,0.60712,0.36023,0.13297,0.14262,2.20142
Kazakhstan, Both sexes,50.1,30.0,29.2,32.8,37.9,38.5,21.7,9.9,,,,,,,,,,,,Central and Eastern Europe,54,5.919,5.837000000000001,6.001,1.22943,0.95544,0.57386,0.4052,0.11132,0.15011,2.49325
Kazakhstan, Male,90.6,61.9,57.8,61.6,67.9,66.0,35.7,13.3,,,,,,,,,,,,Central and Eastern Europe,54,5.919,5.837000000000001,6.001,1.22943,0.95544,0.57386,0.4052,0.11132,0.15011,2.49325
Kazakhstan, Female,33.7,13.2,9.1,8.3,9.9,11.2,7.8,6.2,,,,,,,,,,,,Central and Eastern Europe,54,5.919,5.837000000000001,6.001,1.22943,0.95544,0.57386,0.4052,0.11132,0.15011,2.49325
Kenya, Both sexes,56.2,28.0,12.7,8.4,4.8,3.6,3.8,1.4,2016.0,0.002,0.032,0.068,,,2016.0,0.184,,,,Sub-Saharan Africa,122,4.356,4.2589999999999995,4.453,0.52267,0.7624,0.30146999999999996,0.40576,0.06686,0.41328000000000004,1.88326
Kenya, Male,107.7,49.0,21.1,13.7,7.8,6.0,6.4,2.4,2016.0,0.002,0.032,0.068,,,2016.0,0.184,,,,Sub-Saharan Africa,122,4.356,4.2589999999999995,4.453,0.52267,0.7624,0.30146999999999996,0.40576,0.06686,0.41328000000000004,1.88326
Kenya, Female,17.1,11.1,5.7,3.7,1.9,1.3,1.2,0.5,2016.0,0.002,0.032,0.068,,,2016.0,0.184,,,,Sub-Saharan Africa,122,4.356,4.2589999999999995,4.453,0.52267,0.7624,0.30146999999999996,0.40576,0.06686,0.41328000000000004,1.88326
Kuwait, Both sexes,0.0,4.9,2.6,2.3,2.1,3.4,4.3,0.8,,,,,,,,,,,,Middle East and Northern Africa,41,6.239,6.154,6.324,1.61714,0.8775799999999999,0.63569,0.43166000000000004,0.23669,0.15965,2.28085
Kuwait, Male,0.0,0.0,4.0,3.7,2.7,3.3,4.9,1.3,,,,,,,,,,,,Middle East and Northern Africa,41,6.239,6.154,6.324,1.61714,0.8775799999999999,0.63569,0.43166000000000004,0.23669,0.15965,2.28085
Kuwait, Female,0.0,11.7,0.0,0.0,1.0,3.4,3.6,0.3,,,,,,,,,,,,Middle East and Northern Africa,41,6.239,6.154,6.324,1.61714,0.8775799999999999,0.63569,0.43166000000000004,0.23669,0.15965,2.28085
Kyrgyzstan, Both sexes,14.3,9.0,10.4,11.7,14.8,13.6,9.2,7.3,2016.0,0.085,0.136,1.159,0.051,,2016.0,1.6880000000000002,7.365,,0.409,Central and Eastern Europe,85,5.185,5.103,5.267,0.5604399999999999,0.95434,0.5544899999999999,0.40212,0.047619999999999996,0.38432,2.28136
Kyrgyzstan, Male,14.2,18.0,18.1,21.3,25.8,23.2,14.4,8.7,2016.0,0.085,0.136,1.159,0.051,,2016.0,1.6880000000000002,7.365,,0.409,Central and Eastern Europe,85,5.185,5.103,5.267,0.5604399999999999,0.95434,0.5544899999999999,0.40212,0.047619999999999996,0.38432,2.28136
Kyrgyzstan, Female,14.4,3.3,4.4,3.1,4.3,3.9,4.0,5.9,2016.0,0.085,0.136,1.159,0.051,,2016.0,1.6880000000000002,7.365,,0.409,Central and Eastern Europe,85,5.185,5.103,5.267,0.5604399999999999,0.95434,0.5544899999999999,0.40212,0.047619999999999996,0.38432,2.28136
Latvia, Both sexes,31.7,23.7,25.6,30.8,25.4,27.3,18.0,5.4,,,,,,,,,,,,Central and Eastern Europe,68,5.56,5.486000000000001,5.6339999999999995,1.2178799999999999,0.95025,0.63952,0.27996,0.0889,0.17445,2.20859
Latvia, Male,74.0,54.5,46.5,57.7,43.4,47.2,30.5,9.3,,,,,,,,,,,,Central and Eastern Europe,68,5.56,5.486000000000001,5.6339999999999995,1.2178799999999999,0.95025,0.63952,0.27996,0.0889,0.17445,2.20859
Latvia, Female,17.6,8.2,11.1,8.0,8.4,6.7,4.8,1.3,,,,,,,,,,,,Central and Eastern Europe,68,5.56,5.486000000000001,5.6339999999999995,1.2178799999999999,0.95025,0.63952,0.27996,0.0889,0.17445,2.20859
Lebanon, Both sexes,11.3,7.6,5.7,5.2,4.5,3.9,3.7,1.0,,,,,,,,,,,,Middle East and Northern Africa,93,5.129,5.031000000000001,5.227,1.12268,0.64184,0.76171,0.26228,0.030610000000000002,0.23693000000000003,2.0733900000000003
Lebanon, Male,16.6,11.2,8.1,7.2,6.4,4.4,3.7,1.0,,,,,,,,,,,,Middle East and Northern Africa,93,5.129,5.031000000000001,5.227,1.12268,0.64184,0.76171,0.26228,0.030610000000000002,0.23693000000000003,2.0733900000000003
Lebanon, Female,7.2,4.0,3.2,2.4,2.3,3.3,3.7,0.9,,,,,,,,,,,,Middle East and Northern Africa,93,5.129,5.031000000000001,5.227,1.12268,0.64184,0.76171,0.26228,0.030610000000000002,0.23693000000000003,2.0733900000000003
Liberia, Both sexes,132.1,86.9,45.3,19.2,9.1,5.9,4.6,2.1,2016.0,0.022000000000000002,0.067,0.622,,,2016.0,0.044000000000000004,6.401,1.4,,Sub-Saharan Africa,150,3.622,3.463,3.781,0.10705999999999999,0.50353,0.23165,0.25748000000000004,0.04852,0.24063,2.23284
Liberia, Male,140.0,75.2,39.8,19.8,11.2,8.0,6.2,2.6,2016.0,0.022000000000000002,0.067,0.622,,,2016.0,0.044000000000000004,6.401,1.4,,Sub-Saharan Africa,150,3.622,3.463,3.781,0.10705999999999999,0.50353,0.23165,0.25748000000000004,0.04852,0.24063,2.23284
Liberia, Female,126.0,97.1,50.1,18.6,7.1,3.8,2.9,1.5,2016.0,0.022000000000000002,0.067,0.622,,,2016.0,0.044000000000000004,6.401,1.4,,Sub-Saharan Africa,150,3.622,3.463,3.781,0.10705999999999999,0.50353,0.23165,0.25748000000000004,0.04852,0.24063,2.23284
Libya, Both sexes,15.1,9.8,7.2,7.8,8.5,7.7,6.6,1.8,2016.0,0.032,,,,,,,,,,Middle East and Northern Africa,67,5.615,5.406000000000001,5.824,1.0668799999999998,0.95076,0.52304,0.40671999999999997,0.10339000000000001,0.17087,2.39374
Libya, Male,23.9,16.1,11.6,13.3,13.7,12.2,10.0,2.6,2016.0,0.032,,,,,,,,,,Middle East and Northern Africa,67,5.615,5.406000000000001,5.824,1.0668799999999998,0.95076,0.52304,0.40671999999999997,0.10339000000000001,0.17087,2.39374
Libya, Female,8.7,4.4,3.1,2.5,3.0,3.2,3.3,1.0,2016.0,0.032,,,,,,,,,,Middle East and Northern Africa,67,5.615,5.406000000000001,5.824,1.0668799999999998,0.95076,0.52304,0.40671999999999997,0.10339000000000001,0.17087,2.39374
Lithuania, Both sexes,46.0,37.5,40.4,46.0,42.2,36.3,27.1,8.1,2016.0,0.136,0.682,3.9219999999999997,,,2016.0,18.452,49.763000000000005,,15.86,Central and Eastern Europe,60,5.813,5.734,5.892,1.2692,1.0641100000000001,0.64674,0.18929,0.0182,0.02025,2.60525
Lithuania, Male,126.6,81.6,78.5,85.4,75.0,63.2,49.6,13.4,2016.0,0.136,0.682,3.9219999999999997,,,2016.0,18.452,49.763000000000005,,15.86,Central and Eastern Europe,60,5.813,5.734,5.892,1.2692,1.0641100000000001,0.64674,0.18929,0.0182,0.02025,2.60525
Lithuania, Female,18.0,13.9,13.3,12.3,12.0,9.2,3.2,2.5,2016.0,0.136,0.682,3.9219999999999997,,,2016.0,18.452,49.763000000000005,,15.86,Central and Eastern Europe,60,5.813,5.734,5.892,1.2692,1.0641100000000001,0.64674,0.18929,0.0182,0.02025,2.60525
Luxembourg, Both sexes,32.8,38.5,21.1,19.2,14.1,9.1,8.0,4.8,,,,,,,,,,,,Western Europe,20,6.871,6.803999999999999,6.938,1.6975200000000001,1.03999,0.8454200000000001,0.5487,0.35329,0.27571,2.11055
Luxembourg, Male,44.4,50.2,28.9,28.6,20.5,13.0,12.8,6.7,,,,,,,,,,,,Western Europe,20,6.871,6.803999999999999,6.938,1.6975200000000001,1.03999,0.8454200000000001,0.5487,0.35329,0.27571,2.11055
Luxembourg, Female,26.1,28.6,13.1,9.3,7.3,5.3,3.0,2.9,,,,,,,,,,,,Western Europe,20,6.871,6.803999999999999,6.938,1.6975200000000001,1.03999,0.8454200000000001,0.5487,0.35329,0.27571,2.11055
Madagascar, Both sexes,56.2,35.9,18.4,11.3,6.6,4.1,3.3,1.9,2016.0,0.021,0.045,,0.004,0.008,2016.0,0.057999999999999996,0.314,0.05,0.062,Sub-Saharan Africa,148,3.695,3.6210000000000004,3.7689999999999997,0.27954,0.46115,0.37109000000000003,0.13684000000000002,0.07506,0.2204,2.15075
Madagascar, Male,98.6,57.6,27.0,16.3,9.8,5.8,4.8,2.7,2016.0,0.021,0.045,,0.004,0.008,2016.0,0.057999999999999996,0.314,0.05,0.062,Sub-Saharan Africa,148,3.695,3.6210000000000004,3.7689999999999997,0.27954,0.46115,0.37109000000000003,0.13684000000000002,0.07506,0.2204,2.15075
Madagascar, Female,20.4,18.1,10.7,6.5,3.5,2.3,1.9,1.1,2016.0,0.021,0.045,,0.004,0.008,2016.0,0.057999999999999996,0.314,0.05,0.062,Sub-Saharan Africa,148,3.695,3.6210000000000004,3.7689999999999997,0.27954,0.46115,0.37109000000000003,0.13684000000000002,0.07506,0.2204,2.15075
Malawi, Both sexes,90.8,46.6,19.8,11.7,6.1,3.9,3.2,1.3,,,,,,,,,,,,Sub-Saharan Africa,132,4.156000000000001,4.041,4.271,0.08709,0.147,0.29364,0.4143,0.07564,0.30968,2.82859
Malawi, Male,178.0,80.1,33.9,20.8,10.1,6.5,5.2,2.0,,,,,,,,,,,,Sub-Saharan Africa,132,4.156000000000001,4.041,4.271,0.08709,0.147,0.29364,0.4143,0.07564,0.30968,2.82859
Malawi, Female,32.5,21.6,9.5,4.7,2.2,1.4,1.2,0.6,,,,,,,,,,,,Sub-Saharan Africa,132,4.156000000000001,4.041,4.271,0.08709,0.147,0.29364,0.4143,0.07564,0.30968,2.82859
Malaysia, Both sexes,47.3,24.3,15.8,10.9,5.9,4.4,4.0,1.9,2016.0,0.013000000000000001,0.153,0.316,3.1180000000000003,,2016.0,1.048,6.837999999999999,,1.0290000000000001,Southeastern Asia,47,6.005,5.921,6.0889999999999995,1.25142,0.88025,0.62366,0.39031,0.09081,0.41473999999999994,2.35384
Malaysia, Male,60.1,33.6,21.9,15.8,8.5,6.4,6.0,2.9,2016.0,0.013000000000000001,0.153,0.316,3.1180000000000003,,2016.0,1.048,6.837999999999999,,1.0290000000000001,Southeastern Asia,47,6.005,5.921,6.0889999999999995,1.25142,0.88025,0.62366,0.39031,0.09081,0.41473999999999994,2.35384
Malaysia, Female,36.4,15.6,9.7,5.7,3.2,2.2,1.8,0.9,2016.0,0.013000000000000001,0.153,0.316,3.1180000000000003,,2016.0,1.048,6.837999999999999,,1.0290000000000001,Southeastern Asia,47,6.005,5.921,6.0889999999999995,1.25142,0.88025,0.62366,0.39031,0.09081,0.41473999999999994,2.35384
Mali, Both sexes,69.2,39.4,20.8,12.6,7.4,6.7,7.4,2.8,2016.0,,0.006,,,,2016.0,0.028999999999999998,0.092,,0.011000000000000001,Sub-Saharan Africa,135,4.073,3.988,4.158,0.31292,0.8633299999999999,0.16347,0.27544,0.13647,0.21064000000000002,2.1108700000000002
Mali, Male,113.9,60.1,30.0,18.8,12.0,11.0,10.8,3.6,2016.0,,0.006,,,,2016.0,0.028999999999999998,0.092,,0.011000000000000001,Sub-Saharan Africa,135,4.073,3.988,4.158,0.31292,0.8633299999999999,0.16347,0.27544,0.13647,0.21064000000000002,2.1108700000000002
Mali, Female,31.9,23.3,13.4,7.3,3.0,2.5,3.9,1.9,2016.0,,0.006,,,,2016.0,0.028999999999999998,0.092,,0.011000000000000001,Sub-Saharan Africa,135,4.073,3.988,4.158,0.31292,0.8633299999999999,0.16347,0.27544,0.13647,0.21064000000000002,2.1108700000000002
Malta, Both sexes,12.4,8.8,3.8,13.2,13.0,7.7,5.3,4.8,,,,,,,,,,,,Western Europe,30,6.4879999999999995,6.409,6.567,1.30782,1.09879,0.80315,0.54994,0.17554,0.56237,1.99032
Malta, Male,33.0,14.0,6.8,20.9,22.1,12.6,8.3,4.2,,,,,,,,,,,,Western Europe,30,6.4879999999999995,6.409,6.567,1.30782,1.09879,0.80315,0.54994,0.17554,0.56237,1.99032
Malta, Female,0.0,4.3,1.0,5.5,3.5,2.4,2.1,5.3,,,,,,,,,,,,Western Europe,30,6.4879999999999995,6.409,6.567,1.30782,1.09879,0.80315,0.54994,0.17554,0.56237,1.99032
Mauritania, Both sexes,60.5,37.3,20.7,12.9,6.8,4.6,4.3,1.4,,,,,,,,,,,,Sub-Saharan Africa,130,4.2010000000000005,4.127,4.275,0.6139100000000001,0.8414200000000001,0.28639000000000003,0.1268,0.17955,0.22685999999999998,1.9263
Mauritania, Male,112.3,61.9,32.0,19.9,10.9,7.2,6.5,1.8,,,,,,,,,,,,Sub-Saharan Africa,130,4.2010000000000005,4.127,4.275,0.6139100000000001,0.8414200000000001,0.28639000000000003,0.1268,0.17955,0.22685999999999998,1.9263
Mauritania, Female,25.8,19.6,10.9,6.1,2.7,1.9,2.0,1.0,,,,,,,,,,,,Sub-Saharan Africa,130,4.2010000000000005,4.127,4.275,0.6139100000000001,0.8414200000000001,0.28639000000000003,0.1268,0.17955,0.22685999999999998,1.9263
Mauritius, Both sexes,4.0,5.5,6.4,7.4,11.0,11.8,12.9,3.7,,,,,,,,,,,,Sub-Saharan Africa,66,5.648,5.507000000000001,5.789,1.14372,0.75695,0.66189,0.46145,0.05202999999999999,0.36951,2.20223
Mauritius, Male,11.5,12.9,11.9,12.7,18.4,19.2,20.4,7.4,,,,,,,,,,,,Sub-Saharan Africa,66,5.648,5.507000000000001,5.789,1.14372,0.75695,0.66189,0.46145,0.05202999999999999,0.36951,2.20223
Mauritius, Female,0.0,0.0,1.5,2.3,3.5,4.4,5.2,0.0,,,,,,,,,,,,Sub-Saharan Africa,66,5.648,5.507000000000001,5.789,1.14372,0.75695,0.66189,0.46145,0.05202999999999999,0.36951,2.20223
Mexico, Both sexes,15.7,7.9,6.1,5.9,6.0,6.5,7.5,4.2,2016.0,0.028999999999999998,0.006,0.126,0.079,0.012,2016.0,0.207,2.239,0.53,3.4589999999999996,Latin America and Caribbean,21,6.778,6.68,6.876,1.1150799999999998,0.7146,0.71143,0.37709000000000004,0.18355,0.11735,3.5590599999999997
Mexico, Male,24.8,13.0,10.7,10.1,10.2,10.4,11.8,5.3,2016.0,0.028999999999999998,0.006,0.126,0.079,0.012,2016.0,0.207,2.239,0.53,3.4589999999999996,Latin America and Caribbean,21,6.778,6.68,6.876,1.1150799999999998,0.7146,0.71143,0.37709000000000004,0.18355,0.11735,3.5590599999999997
Mexico, Female,9.5,3.3,1.9,2.0,1.9,2.7,3.1,3.1,2016.0,0.028999999999999998,0.006,0.126,0.079,0.012,2016.0,0.207,2.239,0.53,3.4589999999999996,Latin America and Caribbean,21,6.778,6.68,6.876,1.1150799999999998,0.7146,0.71143,0.37709000000000004,0.18355,0.11735,3.5590599999999997
Mongolia, Both sexes,19.0,15.9,12.5,17.4,22.2,21.7,16.4,6.9,2016.0,0.034,0.47,0.067,,,2016.0,4.031000000000001,4.199,0.10099999999999999,0.10099999999999999,Eastern Asia,101,4.907,4.838,4.976,0.9885299999999999,1.0898299999999999,0.55469,0.35972,0.03285,0.34539000000000003,1.53586
Mongolia, Male,42.8,27.4,20.4,31.5,40.0,39.3,27.8,10.7,2016.0,0.034,0.47,0.067,,,2016.0,4.031000000000001,4.199,0.10099999999999999,0.10099999999999999,Eastern Asia,101,4.907,4.838,4.976,0.9885299999999999,1.0898299999999999,0.55469,0.35972,0.03285,0.34539000000000003,1.53586
Mongolia, Female,6.6,7.4,6.1,5.2,5.1,3.7,4.8,3.1,2016.0,0.034,0.47,0.067,,,2016.0,4.031000000000001,4.199,0.10099999999999999,0.10099999999999999,Eastern Asia,101,4.907,4.838,4.976,0.9885299999999999,1.0898299999999999,0.55469,0.35972,0.03285,0.34539000000000003,1.53586
Montenegro, Both sexes,42.0,25.3,17.9,13.0,9.5,8.2,6.4,2.4,2016.0,0.318,0.318,,,,2016.0,8.277999999999999,18.307000000000002,1.114,,Central and Eastern Europe,88,5.1610000000000005,5.055,5.267,1.07838,0.74173,0.6353300000000001,0.15111,0.12721,0.17190999999999998,2.2553099999999997
Montenegro, Male,70.8,40.5,27.7,18.7,14.3,13.8,10.7,4.0,2016.0,0.318,0.318,,,,2016.0,8.277999999999999,18.307000000000002,1.114,,Central and Eastern Europe,88,5.1610000000000005,5.055,5.267,1.07838,0.74173,0.6353300000000001,0.15111,0.12721,0.17190999999999998,2.2553099999999997
Montenegro, Female,23.9,14.5,9.0,7.3,4.8,2.5,1.8,0.6,2016.0,0.318,0.318,,,,2016.0,8.277999999999999,18.307000000000002,1.114,,Central and Eastern Europe,88,5.1610000000000005,5.055,5.267,1.07838,0.74173,0.6353300000000001,0.15111,0.12721,0.17190999999999998,2.2553099999999997
Morocco, Both sexes,18.5,7.9,4.6,3.3,3.4,3.8,3.8,1.1,2016.0,0.032,0.08,0.371,0.10099999999999999,0.069,2016.0,0.8390000000000001,2.451,0.6459999999999999,0.575,Middle East and Northern Africa,90,5.151,5.058,5.244,0.8405799999999999,0.38595,0.5947100000000001,0.25645999999999997,0.08404,0.040530000000000004,2.9489099999999997
Morocco, Male,16.2,7.5,3.1,2.4,3.1,3.7,2.8,0.8,2016.0,0.032,0.08,0.371,0.10099999999999999,0.069,2016.0,0.8390000000000001,2.451,0.6459999999999999,0.575,Middle East and Northern Africa,90,5.151,5.058,5.244,0.8405799999999999,0.38595,0.5947100000000001,0.25645999999999997,0.08404,0.040530000000000004,2.9489099999999997
Morocco, Female,20.0,8.2,6.0,4.2,3.7,3.9,4.8,1.5,2016.0,0.032,0.08,0.371,0.10099999999999999,0.069,2016.0,0.8390000000000001,2.451,0.6459999999999999,0.575,Middle East and Northern Africa,90,5.151,5.058,5.244,0.8405799999999999,0.38595,0.5947100000000001,0.25645999999999997,0.08404,0.040530000000000004,2.9489099999999997
Myanmar, Both sexes,26.6,15.7,11.7,8.8,8.8,10.3,12.3,4.7,2016.0,0.004,0.042,0.073,,,2016.0,0.384,0.321,0.013000000000000001,,Southeastern Asia,119,4.395,4.327,4.463,0.34112,0.69981,0.3988,0.42691999999999997,0.20243,0.81971,1.50655
Myanmar, Male,17.8,14.4,10.8,7.4,6.4,7.6,9.6,3.3,2016.0,0.004,0.042,0.073,,,2016.0,0.384,0.321,0.013000000000000001,,Southeastern Asia,119,4.395,4.327,4.463,0.34112,0.69981,0.3988,0.42691999999999997,0.20243,0.81971,1.50655
Myanmar, Female,32.1,16.7,12.4,10.1,11.0,12.9,15.0,6.2,2016.0,0.004,0.042,0.073,,,2016.0,0.384,0.321,0.013000000000000001,,Southeastern Asia,119,4.395,4.327,4.463,0.34112,0.69981,0.3988,0.42691999999999997,0.20243,0.81971,1.50655
Namibia, Both sexes,39.1,26.5,19.7,20.8,15.8,12.7,11.4,4.6,2016.0,,0.08199999999999999,0.08199999999999999,,0.040999999999999995,2016.0,0.371,0.907,0.20600000000000002,1.443,Sub-Saharan Africa,113,4.574,4.374,4.774,0.9328700000000001,0.70362,0.34745,0.48613999999999996,0.10397999999999999,0.07795,1.92198
Namibia, Male,75.9,44.2,32.7,34.2,25.8,21.7,19.9,7.2,2016.0,,0.08199999999999999,0.08199999999999999,,0.040999999999999995,2016.0,0.371,0.907,0.20600000000000002,1.443,Sub-Saharan Africa,113,4.574,4.374,4.774,0.9328700000000001,0.70362,0.34745,0.48613999999999996,0.10397999999999999,0.07795,1.92198
Namibia, Female,18.7,14.8,10.6,10.1,6.9,4.3,3.1,2.0,2016.0,,0.08199999999999999,0.08199999999999999,,0.040999999999999995,2016.0,0.371,0.907,0.20600000000000002,1.443,Sub-Saharan Africa,113,4.574,4.374,4.774,0.9328700000000001,0.70362,0.34745,0.48613999999999996,0.10397999999999999,0.07795,1.92198
Nepal, Both sexes,38.6,18.4,12.5,10.8,9.6,10.8,15.8,6.0,2016.0,0.021,0.063,0.11199999999999999,,,2016.0,0.35600000000000004,0.5579999999999999,,0.523,Southern Asia,107,4.793,4.698,4.888,0.44626000000000005,0.69699,0.50073,0.37012,0.07007999999999999,0.3816,2.32694
Nepal, Male,59.0,24.8,17.6,15.7,12.5,11.9,16.4,5.0,2016.0,0.021,0.063,0.11199999999999999,,,2016.0,0.35600000000000004,0.5579999999999999,,0.523,Southern Asia,107,4.793,4.698,4.888,0.44626000000000005,0.69699,0.50073,0.37012,0.07007999999999999,0.3816,2.32694
Nepal, Female,22.8,12.7,8.1,5.9,7.0,9.9,15.3,7.0,2016.0,0.021,0.063,0.11199999999999999,,,2016.0,0.35600000000000004,0.5579999999999999,,0.523,Southern Asia,107,4.793,4.698,4.888,0.44626000000000005,0.69699,0.50073,0.37012,0.07007999999999999,0.3816,2.32694
Netherlands, Both sexes,32.8,16.9,17.3,19.3,15.0,12.3,8.3,2.4,,,,,,,,,,,,Western Europe,7,7.3389999999999995,7.284,7.394,1.46468,1.02912,0.8123100000000001,0.55211,0.29927,0.47416,2.70749
Netherlands, Male,37.6,21.2,23.3,25.8,20.3,16.9,11.5,2.9,,,,,,,,,,,,Western Europe,7,7.3389999999999995,7.284,7.394,1.46468,1.02912,0.8123100000000001,0.55211,0.29927,0.47416,2.70749
Netherlands, Female,29.9,13.0,11.4,12.8,9.7,7.6,5.1,1.8,,,,,,,,,,,,Western Europe,7,7.3389999999999995,7.284,7.394,1.46468,1.02912,0.8123100000000001,0.55211,0.29927,0.47416,2.70749
New Zealand, Both sexes,21.7,9.0,8.1,14.6,16.4,14.3,18.1,11.2,2016.0,,0.607,,,,2016.0,28.54,75.132,,,Australia and New Zealand,8,7.334,7.263999999999999,7.404,1.36066,1.17278,0.83096,0.5814699999999999,0.41903999999999997,0.49401000000000006,2.47553
New Zealand, Male,24.4,16.5,12.7,20.8,27.3,21.6,27.1,14.2,2016.0,,0.607,,,,2016.0,28.54,75.132,,,Australia and New Zealand,8,7.334,7.263999999999999,7.404,1.36066,1.17278,0.83096,0.5814699999999999,0.41903999999999997,0.49401000000000006,2.47553
New Zealand, Female,19.7,2.2,3.8,8.9,6.5,7.5,8.7,8.1,2016.0,,0.607,,,,2016.0,28.54,75.132,,,Australia and New Zealand,8,7.334,7.263999999999999,7.404,1.36066,1.17278,0.83096,0.5814699999999999,0.41903999999999997,0.49401000000000006,2.47553
Nicaragua, Both sexes,9.4,7.9,8.2,9.8,12.2,17.0,24.2,11.6,,,,,,,,,,,,Latin America and Caribbean,48,5.992000000000001,5.877000000000001,6.107,0.69384,0.8952100000000001,0.65213,0.46581999999999996,0.16292,0.29773,2.82428
Nicaragua, Male,19.4,15.4,15.5,18.1,21.1,29.4,38.9,13.2,,,,,,,,,,,,Latin America and Caribbean,48,5.992000000000001,5.877000000000001,6.107,0.69384,0.8952100000000001,0.65213,0.46581999999999996,0.16292,0.29773,2.82428
Nicaragua, Female,2.4,1.8,2.4,2.9,4.5,5.2,9.0,10.0,,,,,,,,,,,,Latin America and Caribbean,48,5.992000000000001,5.877000000000001,6.107,0.69384,0.8952100000000001,0.65213,0.46581999999999996,0.16292,0.29773,2.82428
Niger, Both sexes,69.1,42.1,22.8,15.9,7.8,5.6,5.2,3.1,2016.0,,0.033,1.685,0.019,,2016.0,0.013999999999999999,0.126,0.027999999999999997,0.019,Sub-Saharan Africa,142,3.8560000000000003,3.781,3.931,0.1327,0.6053,0.26161999999999996,0.38040999999999997,0.17176,0.2097,2.09469
Niger, Male,94.7,49.6,26.5,18.0,10.2,8.6,7.7,4.0,2016.0,,0.033,1.685,0.019,,2016.0,0.013999999999999999,0.126,0.027999999999999997,0.019,Sub-Saharan Africa,142,3.8560000000000003,3.781,3.931,0.1327,0.6053,0.26161999999999996,0.38040999999999997,0.17176,0.2097,2.09469
Niger, Female,49.2,36.2,18.8,13.2,5.4,2.8,3.0,2.1,2016.0,,0.033,1.685,0.019,,2016.0,0.013999999999999999,0.126,0.027999999999999997,0.019,Sub-Saharan Africa,142,3.8560000000000003,3.781,3.931,0.1327,0.6053,0.26161999999999996,0.38040999999999997,0.17176,0.2097,2.09469
Nigeria, Both sexes,127.0,86.9,48.8,26.0,14.6,12.1,11.4,4.0,,,,,,,,,,,,Sub-Saharan Africa,103,4.875,4.75,5.0,0.75216,0.64498,0.05108,0.27854,0.0305,0.23219,2.8858599999999996
Nigeria, Male,130.7,74.0,41.7,25.0,17.0,14.7,13.9,4.3,,,,,,,,,,,,Sub-Saharan Africa,103,4.875,4.75,5.0,0.75216,0.64498,0.05108,0.27854,0.0305,0.23219,2.8858599999999996
Nigeria, Female,123.9,98.6,55.4,27.1,12.2,9.5,8.9,3.7,,,,,,,,,,,,Sub-Saharan Africa,103,4.875,4.75,5.0,0.75216,0.64498,0.05108,0.27854,0.0305,0.23219,2.8858599999999996
Norway, Both sexes,32.1,12.4,16.3,17.6,15.1,13.1,12.2,3.0,2016.0,0.5770000000000001,0.48100000000000004,1.308,0.885,,2016.0,48.04,,,73.52199999999999,Western Europe,4,7.497999999999999,7.421,7.575,1.57744,1.1269,0.79579,0.59609,0.35775999999999997,0.37895,2.66465
Norway, Male,37.1,17.4,20.9,22.8,20.2,18.7,17.0,3.9,2016.0,0.5770000000000001,0.48100000000000004,1.308,0.885,,2016.0,48.04,,,73.52199999999999,Western Europe,4,7.497999999999999,7.421,7.575,1.57744,1.1269,0.79579,0.59609,0.35775999999999997,0.37895,2.66465
Norway, Female,29.1,7.9,11.7,12.1,9.6,7.1,7.1,2.2,2016.0,0.5770000000000001,0.48100000000000004,1.308,0.885,,2016.0,48.04,,,73.52199999999999,Western Europe,4,7.497999999999999,7.421,7.575,1.57744,1.1269,0.79579,0.59609,0.35775999999999997,0.37895,2.66465
Pakistan, Both sexes,7.5,4.0,2.9,2.7,2.9,3.8,5.5,3.1,2016.0,0.006,0.42200000000000004,2.3,,0.305,,,,,,Southern Asia,92,5.132000000000001,5.038,5.226,0.68816,0.26135,0.40306,0.14622000000000002,0.1388,0.31185,3.18286
Pakistan, Male,7.5,4.0,3.2,3.2,3.6,4.5,4.9,2.1,2016.0,0.006,0.42200000000000004,2.3,,0.305,,,,,,Southern Asia,92,5.132000000000001,5.038,5.226,0.68816,0.26135,0.40306,0.14622000000000002,0.1388,0.31185,3.18286
Pakistan, Female,7.5,4.0,2.7,2.1,2.2,3.1,6.1,4.3,2016.0,0.006,0.42200000000000004,2.3,,0.305,,,,,,Southern Asia,92,5.132000000000001,5.038,5.226,0.68816,0.26135,0.40306,0.14622000000000002,0.1388,0.31185,3.18286
Panama, Both sexes,9.5,7.0,4.2,5.2,4.9,5.9,6.8,3.5,2016.0,0.025,0.27699999999999997,2.696,0.025,,2016.0,4.031000000000001,3.452,9.221,7.331,Latin America and Caribbean,25,6.7010000000000005,6.601,6.801,1.18306,0.9891200000000001,0.70835,0.48927,0.08423,0.2418,3.00559
Panama, Male,15.7,13.5,8.1,8.7,8.7,10.3,11.9,5.5,2016.0,0.025,0.27699999999999997,2.696,0.025,,2016.0,4.031000000000001,3.452,9.221,7.331,Latin America and Caribbean,25,6.7010000000000005,6.601,6.801,1.18306,0.9891200000000001,0.70835,0.48927,0.08423,0.2418,3.00559
Panama, Female,4.5,1.2,0.6,1.8,1.1,1.4,1.6,1.4,2016.0,0.025,0.27699999999999997,2.696,0.025,,2016.0,4.031000000000001,3.452,9.221,7.331,Latin America and Caribbean,25,6.7010000000000005,6.601,6.801,1.18306,0.9891200000000001,0.70835,0.48927,0.08423,0.2418,3.00559
Paraguay, Both sexes,11.0,7.8,8.3,7.6,8.2,11.4,19.9,9.6,2016.0,0.03,0.03,1.416,0.015,0.09,,,,,,Latin America and Caribbean,70,5.537999999999999,5.452999999999999,5.622999999999999,0.8937299999999999,1.11111,0.58295,0.46235,0.07396,0.25296,2.16091
Paraguay, Male,19.9,12.9,12.8,10.6,11.3,15.4,27.0,9.5,2016.0,0.03,0.03,1.416,0.015,0.09,,,,,,Latin America and Caribbean,70,5.537999999999999,5.452999999999999,5.622999999999999,0.8937299999999999,1.11111,0.58295,0.46235,0.07396,0.25296,2.16091
Paraguay, Female,4.2,3.1,3.7,4.5,5.0,7.1,12.6,9.7,2016.0,0.03,0.03,1.416,0.015,0.09,,,,,,Latin America and Caribbean,70,5.537999999999999,5.452999999999999,5.622999999999999,0.8937299999999999,1.11111,0.58295,0.46235,0.07396,0.25296,2.16091
Peru, Both sexes,11.7,8.7,8.3,7.2,6.8,6.3,6.5,2.8,2016.0,0.01,0.057,0.166,0.016,0.022000000000000002,2016.0,2.948,5.995,,9.507,Latin America and Caribbean,64,5.742999999999999,5.647,5.8389999999999995,0.9960200000000001,0.81255,0.6299399999999999,0.37501999999999996,0.05292,0.14527,2.73117
Peru, Male,17.5,13.9,14.1,11.9,10.5,9.3,9.0,2.9,2016.0,0.01,0.057,0.166,0.016,0.022000000000000002,2016.0,2.948,5.995,,9.507,Latin America and Caribbean,64,5.742999999999999,5.647,5.8389999999999995,0.9960200000000001,0.81255,0.6299399999999999,0.37501999999999996,0.05292,0.14527,2.73117
Peru, Female,7.8,4.1,3.1,2.8,3.1,3.1,3.9,2.6,2016.0,0.01,0.057,0.166,0.016,0.022000000000000002,2016.0,2.948,5.995,,9.507,Latin America and Caribbean,64,5.742999999999999,5.647,5.8389999999999995,0.9960200000000001,0.81255,0.6299399999999999,0.37501999999999996,0.05292,0.14527,2.73117
Philippines, Both sexes,35.1,8.7,4.1,3.8,3.3,3.6,5.0,2.5,2016.0,0.001,0.083,0.21100000000000002,0.002,0.057999999999999996,2016.0,0.518,,,0.885,Southeastern Asia,82,5.279,5.16,5.398,0.81217,0.87877,0.47036000000000006,0.5485399999999999,0.11757000000000001,0.21674000000000002,2.23484
Philippines, Male,39.3,13.3,7.2,5.9,4.9,5.6,6.8,2.9,2016.0,0.001,0.083,0.21100000000000002,0.002,0.057999999999999996,2016.0,0.518,,,0.885,Southeastern Asia,82,5.279,5.16,5.398,0.81217,0.87877,0.47036000000000006,0.5485399999999999,0.11757000000000001,0.21674000000000002,2.23484
Philippines, Female,32.6,5.3,1.3,1.8,1.7,1.5,3.1,2.1,2016.0,0.001,0.083,0.21100000000000002,0.002,0.057999999999999996,2016.0,0.518,,,0.885,Southeastern Asia,82,5.279,5.16,5.398,0.81217,0.87877,0.47036000000000006,0.5485399999999999,0.11757000000000001,0.21674000000000002,2.23484
Poland, Both sexes,14.5,16.0,21.7,27.7,20.8,15.7,15.7,5.4,2016.0,0.125,0.261,3.207,0.716,,2016.0,24.176,30.916,,16.346,Central and Eastern Europe,57,5.835,5.749,5.921,1.24585,1.04685,0.69058,0.4519,0.055,0.14443,2.20035
Poland, Male,35.8,33.3,40.1,49.4,35.5,27.9,28.2,8.4,2016.0,0.125,0.261,3.207,0.716,,2016.0,24.176,30.916,,16.346,Central and Eastern Europe,57,5.835,5.749,5.921,1.24585,1.04685,0.69058,0.4519,0.055,0.14443,2.20035
Poland, Female,5.1,4.7,6.3,7.2,6.0,3.2,2.6,2.2,2016.0,0.125,0.261,3.207,0.716,,2016.0,24.176,30.916,,16.346,Central and Eastern Europe,57,5.835,5.749,5.921,1.24585,1.04685,0.69058,0.4519,0.055,0.14443,2.20035
Portugal, Both sexes,47.3,28.7,18.1,16.8,13.8,8.7,4.7,1.3,2016.0,0.028999999999999998,0.28800000000000003,0.701,0.518,0.26899999999999996,,,,,,Western Europe,94,5.122999999999999,5.03,5.216,1.27607,0.9436700000000001,0.7936300000000001,0.44727,0.01521,0.11690999999999999,1.53015
Portugal, Male,94.9,48.4,29.6,26.5,22.0,14.5,7.9,1.9,2016.0,0.028999999999999998,0.28800000000000003,0.701,0.518,0.26899999999999996,,,,,,Western Europe,94,5.122999999999999,5.03,5.216,1.27607,0.9436700000000001,0.7936300000000001,0.44727,0.01521,0.11690999999999999,1.53015
Portugal, Female,20.2,13.6,8.2,8.1,6.1,3.2,1.5,0.7,2016.0,0.028999999999999998,0.28800000000000003,0.701,0.518,0.26899999999999996,,,,,,Western Europe,94,5.122999999999999,5.03,5.216,1.27607,0.9436700000000001,0.7936300000000001,0.44727,0.01521,0.11690999999999999,1.53015
Qatar, Both sexes,17.1,8.7,10.7,5.9,6.1,7.1,9.8,2.9,2016.0,0.038,0.038,0.344,0.115,0.076,2016.0,2.7119999999999997,9.933,0.115,1.413,Middle East and Northern Africa,36,6.375,6.178,6.572,1.82427,0.87964,0.71723,0.56679,0.48049,0.32388,1.5822399999999999
Qatar, Male,26.3,11.5,12.6,7.0,7.5,8.7,11.8,4.7,2016.0,0.038,0.038,0.344,0.115,0.076,2016.0,2.7119999999999997,9.933,0.115,1.413,Middle East and Northern Africa,36,6.375,6.178,6.572,1.82427,0.87964,0.71723,0.56679,0.48049,0.32388,1.5822399999999999
Qatar, Female,5.2,3.4,3.7,1.1,1.0,1.1,1.2,0.3,2016.0,0.038,0.038,0.344,0.115,0.076,2016.0,2.7119999999999997,9.933,0.115,1.413,Middle East and Northern Africa,36,6.375,6.178,6.572,1.82427,0.87964,0.71723,0.56679,0.48049,0.32388,1.5822399999999999
Romania, Both sexes,16.0,16.2,16.4,16.8,13.3,8.9,5.7,2.9,2016.0,0.171,0.392,0.9109999999999999,0.27699999999999997,,2016.0,5.665,18.71,0.503,1.479,Central and Eastern Europe,71,5.528,5.4270000000000005,5.629,1.1697,0.7280300000000001,0.67602,0.36712,0.006790000000000001,0.12889,2.4518400000000002
Romania, Male,31.6,32.3,30.1,30.9,22.4,15.0,9.4,4.1,2016.0,0.171,0.392,0.9109999999999999,0.27699999999999997,,2016.0,5.665,18.71,0.503,1.479,Central and Eastern Europe,71,5.528,5.4270000000000005,5.629,1.1697,0.7280300000000001,0.67602,0.36712,0.006790000000000001,0.12889,2.4518400000000002
Romania, Female,7.2,5.8,5.2,3.5,3.9,2.5,1.7,1.6,2016.0,0.171,0.392,0.9109999999999999,0.27699999999999997,,2016.0,5.665,18.71,0.503,1.479,Central and Eastern Europe,71,5.528,5.4270000000000005,5.629,1.1697,0.7280300000000001,0.67602,0.36712,0.006790000000000001,0.12889,2.4518400000000002
Rwanda, Both sexes,93.4,48.3,24.3,17.5,9.7,8.0,8.0,3.0,2016.0,0.017,0.396,0.40399999999999997,,,2016.0,0.06,1.376,0.172,0.387,Sub-Saharan Africa,152,3.515,3.444,3.5860000000000003,0.32846,0.6158600000000001,0.31865,0.5432,0.50521,0.23551999999999998,0.96819
Rwanda, Male,168.5,76.9,35.3,25.7,14.9,12.4,11.6,4.1,2016.0,0.017,0.396,0.40399999999999997,,,2016.0,0.06,1.376,0.172,0.387,Sub-Saharan Africa,152,3.515,3.444,3.5860000000000003,0.32846,0.6158600000000001,0.31865,0.5432,0.50521,0.23551999999999998,0.96819
Rwanda, Female,40.7,28.4,15.1,9.3,4.9,4.1,4.5,1.9,2016.0,0.017,0.396,0.40399999999999997,,,2016.0,0.06,1.376,0.172,0.387,Sub-Saharan Africa,152,3.515,3.444,3.5860000000000003,0.32846,0.6158600000000001,0.31865,0.5432,0.50521,0.23551999999999998,0.96819
Saudi Arabia, Both sexes,8.5,8.2,6.2,4.8,4.9,3.5,4.0,1.6,2016.0,0.079,0.013000000000000001,0.507,,0.013000000000000001,2016.0,1.321,10.66,3.955,2.0340000000000003,Middle East and Northern Africa,34,6.379,6.287000000000001,6.471,1.48953,0.84829,0.59267,0.37904,0.30008,0.15457,2.61482
Saudi Arabia, Male,11.6,12.3,8.1,6.0,6.3,4.7,5.8,2.4,2016.0,0.079,0.013000000000000001,0.507,,0.013000000000000001,2016.0,1.321,10.66,3.955,2.0340000000000003,Middle East and Northern Africa,34,6.379,6.287000000000001,6.471,1.48953,0.84829,0.59267,0.37904,0.30008,0.15457,2.61482
Saudi Arabia, Female,5.8,3.7,3.3,2.4,2.5,1.9,1.9,0.8,2016.0,0.079,0.013000000000000001,0.507,,0.013000000000000001,2016.0,1.321,10.66,3.955,2.0340000000000003,Middle East and Northern Africa,34,6.379,6.287000000000001,6.471,1.48953,0.84829,0.59267,0.37904,0.30008,0.15457,2.61482
Senegal, Both sexes,119.9,70.8,33.7,18.5,8.7,5.8,4.9,2.3,2016.0,0.006999999999999999,0.027000000000000003,0.04,,0.027000000000000003,2016.0,0.2,0.267,0.067,0.02,Sub-Saharan Africa,128,4.218999999999999,4.151,4.287,0.44314,0.7741600000000001,0.40457,0.31056,0.11681,0.19103,1.9786099999999998
Senegal, Male,231.3,121.0,56.4,31.7,15.2,9.5,7.3,3.4,2016.0,0.006999999999999999,0.027000000000000003,0.04,,0.027000000000000003,2016.0,0.2,0.267,0.067,0.02,Sub-Saharan Africa,128,4.218999999999999,4.151,4.287,0.44314,0.7741600000000001,0.40457,0.31056,0.11681,0.19103,1.9786099999999998
Senegal, Female,44.1,33.1,16.3,8.1,3.3,2.4,2.6,1.2,2016.0,0.006999999999999999,0.027000000000000003,0.04,,0.027000000000000003,2016.0,0.2,0.267,0.067,0.02,Sub-Saharan Africa,128,4.218999999999999,4.151,4.287,0.44314,0.7741600000000001,0.40457,0.31056,0.11681,0.19103,1.9786099999999998
Serbia, Both sexes,64.6,43.2,22.2,22.2,15.7,10.1,5.9,1.3,,,,,,,,,,,,Central and Eastern Europe,86,5.1770000000000005,5.083,5.271,1.03437,0.81329,0.6458,0.15718,0.04339,0.20736999999999997,2.2753900000000002
Serbia, Male,121.1,70.6,35.4,35.3,23.9,15.0,9.1,2.2,,,,,,,,,,,,Central and Eastern Europe,86,5.1770000000000005,5.083,5.271,1.03437,0.81329,0.6458,0.15718,0.04339,0.20736999999999997,2.2753900000000002
Serbia, Female,33.7,23.0,10.6,9.8,7.6,5.1,2.5,0.3,,,,,,,,,,,,Central and Eastern Europe,86,5.1770000000000005,5.083,5.271,1.03437,0.81329,0.6458,0.15718,0.04339,0.20736999999999997,2.2753900000000002
Sierra Leone, Both sexes,93.7,65.6,39.3,24.9,15.9,13.2,14.8,4.1,,,,,,,,,,,,Sub-Saharan Africa,111,4.635,4.505,4.765,0.36485,0.628,0.0,0.30685,0.08196,0.23897,3.01402
Sierra Leone, Male,112.8,66.9,37.7,23.7,17.8,17.4,19.8,5.2,,,,,,,,,,,,Sub-Saharan Africa,111,4.635,4.505,4.765,0.36485,0.628,0.0,0.30685,0.08196,0.23897,3.01402
Sierra Leone, Female,76.6,64.4,40.8,26.0,14.0,9.1,10.0,3.0,,,,,,,,,,,,Sub-Saharan Africa,111,4.635,4.505,4.765,0.36485,0.628,0.0,0.30685,0.08196,0.23897,3.01402
Singapore, Both sexes,26.8,22.8,15.6,12.4,11.3,7.6,7.6,3.7,2016.0,0.018000000000000002,0.07200000000000001,0.217,0.163,0.054000000000000006,2016.0,4.191,,,,Southeastern Asia,22,6.739,6.6739999999999995,6.803999999999999,1.64555,0.8675799999999999,0.94719,0.4877,0.46986999999999995,0.32706,1.99375
Singapore, Male,46.1,36.5,22.8,18.2,14.8,9.8,10.7,4.0,2016.0,0.018000000000000002,0.07200000000000001,0.217,0.163,0.054000000000000006,2016.0,4.191,,,,Southeastern Asia,22,6.739,6.6739999999999995,6.803999999999999,1.64555,0.8675799999999999,0.94719,0.4877,0.46986999999999995,0.32706,1.99375
Singapore, Female,14.7,11.0,8.6,6.6,7.9,5.6,4.3,3.3,2016.0,0.018000000000000002,0.07200000000000001,0.217,0.163,0.054000000000000006,2016.0,4.191,,,,Southeastern Asia,22,6.739,6.6739999999999995,6.803999999999999,1.64555,0.8675799999999999,0.94719,0.4877,0.46986999999999995,0.32706,1.99375
Slovakia, Both sexes,21.7,19.5,17.6,21.9,16.6,11.8,9.2,2.5,,,,,,,,,,,,Central and Eastern Europe,45,6.077999999999999,5.996,6.16,1.27973,1.0826799999999999,0.70367,0.23390999999999998,0.02947,0.13837,2.61065
Slovakia, Male,55.5,43.0,32.4,37.8,29.1,20.6,16.1,4.1,,,,,,,,,,,,Central and Eastern Europe,45,6.077999999999999,5.996,6.16,1.27973,1.0826799999999999,0.70367,0.23390999999999998,0.02947,0.13837,2.61065
Slovakia, Female,6.7,4.8,5.2,6.8,3.8,2.5,2.1,0.9,,,,,,,,,,,,Central and Eastern Europe,45,6.077999999999999,5.996,6.16,1.27973,1.0826799999999999,0.70367,0.23390999999999998,0.02947,0.13837,2.61065
Slovenia, Both sexes,38.9,35.8,26.7,26.4,19.1,14.2,12.3,3.0,2016.0,0.24100000000000002,0.048,5.832000000000001,2.121,3.5180000000000002,2016.0,11.953,36.727,1.976,9.302,Central and Eastern Europe,63,5.768,5.683,5.853,1.2994700000000001,1.05613,0.79151,0.53164,0.03635,0.25738,1.79522
Slovenia, Male,96.4,60.0,41.0,44.8,30.8,23.7,20.9,4.9,2016.0,0.24100000000000002,0.048,5.832000000000001,2.121,3.5180000000000002,2016.0,11.953,36.727,1.976,9.302,Central and Eastern Europe,63,5.768,5.683,5.853,1.2994700000000001,1.05613,0.79151,0.53164,0.03635,0.25738,1.79522
Slovenia, Female,12.2,17.0,12.8,7.6,6.6,3.8,3.1,0.9,2016.0,0.24100000000000002,0.048,5.832000000000001,2.121,3.5180000000000002,2016.0,11.953,36.727,1.976,9.302,Central and Eastern Europe,63,5.768,5.683,5.853,1.2994700000000001,1.05613,0.79151,0.53164,0.03635,0.25738,1.79522
Somalia, Both sexes,49.9,34.2,18.4,12.4,9.2,7.6,6.5,2.4,,,,,,,,,,,,Sub-Saharan Africa,76,5.44,5.321000000000001,5.559,0.0,0.33613000000000004,0.11465999999999998,0.5677800000000001,0.3118,0.27225,3.8377199999999996
Somalia, Male,84.0,48.9,23.3,15.7,12.2,10.4,9.6,3.0,,,,,,,,,,,,Sub-Saharan Africa,76,5.44,5.321000000000001,5.559,0.0,0.33613000000000004,0.11465999999999998,0.5677800000000001,0.3118,0.27225,3.8377199999999996
Somalia, Female,23.9,20.7,13.4,9.1,6.3,4.9,3.5,1.8,,,,,,,,,,,,Sub-Saharan Africa,76,5.44,5.321000000000001,5.559,0.0,0.33613000000000004,0.11465999999999998,0.5677800000000001,0.3118,0.27225,3.8377199999999996
South Africa, Both sexes,33.3,28.1,23.9,24.7,18.5,14.4,12.6,4.2,2016.0,0.11599999999999999,0.07200000000000001,0.11,,,2016.0,1.521,,,,Sub-Saharan Africa,116,4.459,4.371,4.547,1.02416,0.9605299999999999,0.18611,0.42483000000000004,0.08415,0.13656,1.6422700000000001
South Africa, Male,61.6,48.9,41.7,42.9,31.5,23.7,20.6,6.1,2016.0,0.11599999999999999,0.07200000000000001,0.11,,,2016.0,1.521,,,,Sub-Saharan Africa,116,4.459,4.371,4.547,1.02416,0.9605299999999999,0.18611,0.42483000000000004,0.08415,0.13656,1.6422700000000001
South Africa, Female,22.1,15.5,10.4,9.4,6.1,4.7,4.4,2.3,2016.0,0.11599999999999999,0.07200000000000001,0.11,,,2016.0,1.521,,,,Sub-Saharan Africa,116,4.459,4.371,4.547,1.02416,0.9605299999999999,0.18611,0.42483000000000004,0.08415,0.13656,1.6422700000000001
South Sudan, Both sexes,42.7,27.6,14.4,9.7,5.6,4.7,4.7,1.6,2016.0,,0.008,0.008,,,2016.0,0.025,0.017,,0.261,Sub-Saharan Africa,143,3.832,3.596,4.0680000000000005,0.39394,0.18519000000000002,0.15780999999999998,0.19662000000000002,0.13015,0.25899,2.50929
South Sudan, Male,71.6,39.4,18.2,12.4,7.3,6.5,6.3,1.8,2016.0,,0.008,0.008,,,2016.0,0.025,0.017,,0.261,Sub-Saharan Africa,143,3.832,3.596,4.0680000000000005,0.39394,0.18519000000000002,0.15780999999999998,0.19662000000000002,0.13015,0.25899,2.50929
South Sudan, Female,21.0,17.5,10.9,7.2,3.9,2.8,3.1,1.3,2016.0,,0.008,0.008,,,2016.0,0.025,0.017,,0.261,Sub-Saharan Africa,143,3.832,3.596,4.0680000000000005,0.39394,0.18519000000000002,0.15780999999999998,0.19662000000000002,0.13015,0.25899,2.50929
Spain, Both sexes,21.2,14.2,10.6,11.8,10.6,6.6,5.1,1.5,,,,,,,,,,,,Western Europe,37,6.361000000000001,6.287999999999999,6.434,1.34253,1.12945,0.8789600000000001,0.37545,0.06137000000000001,0.17665,2.39663
Spain, Male,41.3,22.7,15.9,18.1,15.6,9.8,7.6,2.0,,,,,,,,,,,,Western Europe,37,6.361000000000001,6.287999999999999,6.434,1.34253,1.12945,0.8789600000000001,0.37545,0.06137000000000001,0.17665,2.39663
Spain, Female,9.5,7.2,5.8,5.6,5.4,3.3,2.5,1.0,,,,,,,,,,,,Western Europe,37,6.361000000000001,6.287999999999999,6.434,1.34253,1.12945,0.8789600000000001,0.37545,0.06137000000000001,0.17665,2.39663
Sri Lanka, Both sexes,50.9,27.2,19.0,17.0,18.4,17.3,21.9,6.2,,,,,,,,,,,,Southern Asia,117,4.415,4.322,4.508,0.9731799999999999,0.84783,0.62007,0.50817,0.07964,0.46978000000000003,0.91681
Sri Lanka, Male,84.7,46.1,32.2,30.1,32.5,29.9,34.6,6.2,,,,,,,,,,,,Southern Asia,117,4.415,4.322,4.508,0.9731799999999999,0.84783,0.62007,0.50817,0.07964,0.46978000000000003,0.91681
Sri Lanka, Female,28.2,13.0,7.8,5.1,5.0,6.0,10.2,6.2,,,,,,,,,,,,Southern Asia,117,4.415,4.322,4.508,0.9731799999999999,0.84783,0.62007,0.50817,0.07964,0.46978000000000003,0.91681
Sudan, Both sexes,9.5,6.9,5.7,6.7,11.7,18.3,18.1,5.3,,,,,,,,,,,,Sub-Saharan Africa,133,4.138999999999999,3.928,4.35,0.63069,0.8192799999999999,0.29759,0.0,0.10039,0.18077000000000001,2.10995
Sudan, Male,14.0,10.5,8.6,10.3,18.7,29.5,27.2,6.8,,,,,,,,,,,,Sub-Saharan Africa,133,4.138999999999999,3.928,4.35,0.63069,0.8192799999999999,0.29759,0.0,0.10039,0.18077000000000001,2.10995
Sudan, Female,6.0,3.7,3.0,3.3,4.9,7.6,8.8,3.7,,,,,,,,,,,,Sub-Saharan Africa,133,4.138999999999999,3.928,4.35,0.63069,0.8192799999999999,0.29759,0.0,0.10039,0.18077000000000001,2.10995
Suriname, Both sexes,61.0,40.6,34.1,38.5,30.7,31.6,26.0,11.3,,,,,,,2016.0,1.265,16.63,0.36200000000000004,0.542,Latin America and Caribbean,40,6.269,6.0729999999999995,6.465,1.09686,0.77866,0.5093300000000001,0.5223399999999999,0.12692,0.16665,3.06852
Suriname, Male,95.0,65.3,58.7,61.3,51.6,48.4,41.9,10.2,,,,,,,2016.0,1.265,16.63,0.36200000000000004,0.542,Latin America and Caribbean,40,6.269,6.0729999999999995,6.465,1.09686,0.77866,0.5093300000000001,0.5223399999999999,0.12692,0.16665,3.06852
Suriname, Female,39.2,23.2,13.0,15.9,9.6,14.7,9.3,12.4,,,,,,,2016.0,1.265,16.63,0.36200000000000004,0.542,Latin America and Caribbean,40,6.269,6.0729999999999995,6.465,1.09686,0.77866,0.5093300000000001,0.5223399999999999,0.12692,0.16665,3.06852
Sweden, Both sexes,45.3,18.4,17.3,20.3,16.6,15.1,13.5,3.5,,,,,,,2016.0,20.863000000000003,50.566,,,Western Europe,10,7.291,7.227,7.355,1.45181,1.08764,0.83121,0.58218,0.40867,0.38254,2.54734
Sweden, Male,47.0,26.1,23.5,26.2,23.3,21.8,18.2,4.5,,,,,,,2016.0,20.863000000000003,50.566,,,Western Europe,10,7.291,7.227,7.355,1.45181,1.08764,0.83121,0.58218,0.40867,0.38254,2.54734
Sweden, Female,44.2,11.2,11.1,14.1,9.7,8.1,8.6,2.4,,,,,,,2016.0,20.863000000000003,50.566,,,Western Europe,10,7.291,7.227,7.355,1.45181,1.08764,0.83121,0.58218,0.40867,0.38254,2.54734
Switzerland, Both sexes,84.6,28.1,21.5,21.7,14.9,9.8,9.0,4.1,,,,,,,,,,,,Western Europe,2,7.5089999999999995,7.428,7.59,1.5273299999999999,1.14524,0.86303,0.58557,0.41203,0.28083,2.69463
Switzerland, Male,107.3,37.5,30.3,29.3,21.1,13.9,13.6,5.8,,,,,,,,,,,,Western Europe,2,7.5089999999999995,7.428,7.59,1.5273299999999999,1.14524,0.86303,0.58557,0.41203,0.28083,2.69463
Switzerland, Female,71.1,20.0,13.0,13.9,8.6,5.8,4.3,2.4,,,,,,,,,,,,Western Europe,2,7.5089999999999995,7.428,7.59,1.5273299999999999,1.14524,0.86303,0.58557,0.41203,0.28083,2.69463
Tajikistan, Both sexes,12.4,9.1,7.6,6.0,4.7,3.6,2.3,1.0,2016.0,0.035,0.129,0.16399999999999998,,,2016.0,1.392,1.4969999999999999,,,Central and Eastern Europe,100,4.996,4.923,5.069,0.48835,0.75602,0.5311899999999999,0.43408,0.13509000000000002,0.25998000000000004,2.39106
Tajikistan, Male,17.1,11.2,10.6,10.6,8.0,5.7,3.0,1.3,2016.0,0.035,0.129,0.16399999999999998,,,2016.0,1.392,1.4969999999999999,,,Central and Eastern Europe,100,4.996,4.923,5.069,0.48835,0.75602,0.5311899999999999,0.43408,0.13509000000000002,0.25998000000000004,2.39106
Tajikistan, Female,9.1,7.2,4.8,1.9,1.5,1.5,1.6,0.8,2016.0,0.035,0.129,0.16399999999999998,,,2016.0,1.392,1.4969999999999999,,,Central and Eastern Europe,100,4.996,4.923,5.069,0.48835,0.75602,0.5311899999999999,0.43408,0.13509000000000002,0.25998000000000004,2.39106
Thailand, Both sexes,27.3,22.6,17.8,17.0,15.0,20.4,18.0,5.6,2016.0,0.027999999999999997,0.151,1.3019999999999998,0.006999999999999999,,2016.0,0.721,7.417999999999999,0.836,1.749,Southeastern Asia,33,6.474,6.396,6.5520000000000005,1.0893,1.04477,0.64915,0.49553,0.02833,0.58696,2.5796
Thailand, Male,38.9,34.4,26.1,26.3,25.9,36.3,30.9,9.2,2016.0,0.027999999999999997,0.151,1.3019999999999998,0.006999999999999999,,2016.0,0.721,7.417999999999999,0.836,1.749,Southeastern Asia,33,6.474,6.396,6.5520000000000005,1.0893,1.04477,0.64915,0.49553,0.02833,0.58696,2.5796
Thailand, Female,19.5,13.3,10.6,8.5,4.9,4.8,5.0,1.8,2016.0,0.027999999999999997,0.151,1.3019999999999998,0.006999999999999999,,2016.0,0.721,7.417999999999999,0.836,1.749,Southeastern Asia,33,6.474,6.396,6.5520000000000005,1.0893,1.04477,0.64915,0.49553,0.02833,0.58696,2.5796
Togo, Both sexes,124.5,77.3,43.3,24.8,15.6,12.9,10.7,4.0,2016.0,0.013000000000000001,0.10800000000000001,0.04,,0.04,2016.0,0.054000000000000006,0.27,0.054000000000000006,0.40399999999999997,Sub-Saharan Africa,155,3.303,3.1919999999999997,3.4139999999999997,0.28123000000000004,0.0,0.24811,0.34678000000000003,0.11587,0.17517,2.1354
Togo, Male,187.6,99.6,54.7,34.7,22.7,18.4,14.3,5.3,2016.0,0.013000000000000001,0.10800000000000001,0.04,,0.04,2016.0,0.054000000000000006,0.27,0.054000000000000006,0.40399999999999997,Sub-Saharan Africa,155,3.303,3.1919999999999997,3.4139999999999997,0.28123000000000004,0.0,0.24811,0.34678000000000003,0.11587,0.17517,2.1354
Togo, Female,75.5,58.3,33.0,15.5,8.7,7.4,7.0,2.8,2016.0,0.013000000000000001,0.10800000000000001,0.04,,0.04,2016.0,0.054000000000000006,0.27,0.054000000000000006,0.40399999999999997,Sub-Saharan Africa,155,3.303,3.1919999999999997,3.4139999999999997,0.28123000000000004,0.0,0.24811,0.34678000000000003,0.11587,0.17517,2.1354
Trinidad and Tobago, Both sexes,17.6,15.2,16.9,10.1,17.4,19.6,21.9,7.3,,,,,,,,,,,,Latin America and Caribbean,43,6.167999999999999,5.95,6.386,1.32572,0.98569,0.52608,0.48453,0.01241,0.31935,2.5139400000000003
Trinidad and Tobago, Male,50.9,29.5,28.0,17.3,29.3,33.2,36.7,10.6,,,,,,,,,,,,Latin America and Caribbean,43,6.167999999999999,5.95,6.386,1.32572,0.98569,0.52608,0.48453,0.01241,0.31935,2.5139400000000003
Trinidad and Tobago, Female,0.0,4.4,6.6,3.2,5.7,6.1,6.9,3.8,,,,,,,,,,,,Latin America and Caribbean,43,6.167999999999999,5.95,6.386,1.32572,0.98569,0.52608,0.48453,0.01241,0.31935,2.5139400000000003
Tunisia, Both sexes,13.2,8.2,5.9,5.6,4.5,3.7,3.1,0.9,,,,,,,,,,,,Middle East and Northern Africa,98,5.045,4.965,5.125,0.97724,0.43165,0.59577,0.23553000000000002,0.0817,0.03936,2.68413
Tunisia, Male,16.0,10.9,7.6,8.0,6.4,5.1,4.2,1.0,,,,,,,,,,,,Middle East and Northern Africa,98,5.045,4.965,5.125,0.97724,0.43165,0.59577,0.23553000000000002,0.0817,0.03936,2.68413
Tunisia, Female,11.2,5.9,4.3,3.3,2.7,2.3,2.0,0.9,,,,,,,,,,,,Middle East and Northern Africa,98,5.045,4.965,5.125,0.97724,0.43165,0.59577,0.23553000000000002,0.0817,0.03936,2.68413
Turkey, Both sexes,10.1,5.6,3.0,3.1,6.7,13.8,15.6,5.4,2016.0,0.011000000000000001,0.455,0.19,,0.174,2016.0,1.6369999999999998,150.251,1.643,2.537,Middle East and Northern Africa,78,5.388999999999999,5.295,5.483,1.1649200000000002,0.8771700000000001,0.64718,0.23889000000000002,0.12347999999999999,0.04707,2.29074
Turkey, Male,18.5,9.8,4.9,4.9,11.3,22.7,24.3,6.5,2016.0,0.011000000000000001,0.455,0.19,,0.174,2016.0,1.6369999999999998,150.251,1.643,2.537,Middle East and Northern Africa,78,5.388999999999999,5.295,5.483,1.1649200000000002,0.8771700000000001,0.64718,0.23889000000000002,0.12347999999999999,0.04707,2.29074
Turkey, Female,5.4,2.3,1.5,1.4,2.4,4.9,6.8,4.2,2016.0,0.011000000000000001,0.455,0.19,,0.174,2016.0,1.6369999999999998,150.251,1.643,2.537,Middle East and Northern Africa,78,5.388999999999999,5.295,5.483,1.1649200000000002,0.8771700000000001,0.64718,0.23889000000000002,0.12347999999999999,0.04707,2.29074
Turkmenistan, Both sexes,11.1,9.1,8.2,9.6,10.0,8.6,9.7,5.9,,,,,,,,,,,,Central and Eastern Europe,65,5.6579999999999995,5.58,5.736000000000001,1.08017,1.03817,0.44006000000000006,0.37408,0.28467,0.22566999999999998,2.21489
Turkmenistan, Male,17.2,13.3,13.3,17.0,17.6,14.5,13.6,6.2,,,,,,,,,,,,Central and Eastern Europe,65,5.6579999999999995,5.58,5.736000000000001,1.08017,1.03817,0.44006000000000006,0.37408,0.28467,0.22566999999999998,2.21489
Turkmenistan, Female,7.8,6.1,4.1,3.3,2.8,2.9,5.8,5.6,,,,,,,,,,,,Central and Eastern Europe,65,5.6579999999999995,5.58,5.736000000000001,1.08017,1.03817,0.44006000000000006,0.37408,0.28467,0.22566999999999998,2.21489
Uganda, Both sexes,153.3,99.1,47.8,29.6,17.9,14.5,14.3,5.3,2016.0,0.002,0.032,0.9420000000000001,,,2016.0,0.08199999999999999,2.242,0.037000000000000005,0.037000000000000005,Sub-Saharan Africa,145,3.739,3.6289999999999996,3.8489999999999998,0.34719,0.90981,0.19625,0.43653000000000003,0.06442,0.27102,1.51416
Uganda, Male,176.6,88.6,41.9,30.6,20.2,18.1,17.9,6.1,2016.0,0.002,0.032,0.9420000000000001,,,2016.0,0.08199999999999999,2.242,0.037000000000000005,0.037000000000000005,Sub-Saharan Africa,145,3.739,3.6289999999999996,3.8489999999999998,0.34719,0.90981,0.19625,0.43653000000000003,0.06442,0.27102,1.51416
Uganda, Female,137.2,107.0,52.2,28.8,15.6,10.9,10.7,4.6,2016.0,0.002,0.032,0.9420000000000001,,,2016.0,0.08199999999999999,2.242,0.037000000000000005,0.037000000000000005,Sub-Saharan Africa,145,3.739,3.6289999999999996,3.8489999999999998,0.34719,0.90981,0.19625,0.43653000000000003,0.06442,0.27102,1.51416
Ukraine, Both sexes,34.2,27.9,25.0,29.8,30.5,27.3,20.4,6.7,2016.0,0.139,0.052000000000000005,0.049,1.5759999999999998,,2016.0,6.93,,,,Central and Eastern Europe,123,4.324,4.236000000000001,4.412,0.87287,1.01413,0.58628,0.12859,0.01829,0.20363,1.50066
Ukraine, Male,79.0,62.4,51.3,58.4,55.3,48.9,35.9,10.6,2016.0,0.139,0.052000000000000005,0.049,1.5759999999999998,,2016.0,6.93,,,,Central and Eastern Europe,123,4.324,4.236000000000001,4.412,0.87287,1.01413,0.58628,0.12859,0.01829,0.20363,1.50066
Ukraine, Female,17.4,10.4,7.2,6.4,7.8,5.8,4.2,2.5,2016.0,0.139,0.052000000000000005,0.049,1.5759999999999998,,2016.0,6.93,,,,Central and Eastern Europe,123,4.324,4.236000000000001,4.412,0.87287,1.01413,0.58628,0.12859,0.01829,0.20363,1.50066
United Arab Emirates, Both sexes,6.7,5.6,4.4,3.2,2.8,2.8,4.0,1.8,2016.0,0.011000000000000001,0.055,0.524,,0.033,2016.0,1.649,4.37,0.36,0.765,Middle East and Northern Africa,28,6.5729999999999995,6.494,6.652,1.57352,0.8711399999999999,0.72993,0.56215,0.35561,0.26591,2.21507
United Arab Emirates, Male,9.0,7.2,5.6,3.7,3.4,3.5,4.9,3.2,2016.0,0.011000000000000001,0.055,0.524,,0.033,2016.0,1.649,4.37,0.36,0.765,Middle East and Northern Africa,28,6.5729999999999995,6.494,6.652,1.57352,0.8711399999999999,0.72993,0.56215,0.35561,0.26591,2.21507
United Arab Emirates, Female,3.3,1.4,1.6,1.4,0.9,0.8,1.0,0.3,2016.0,0.011000000000000001,0.055,0.524,,0.033,2016.0,1.649,4.37,0.36,0.765,Middle East and Northern Africa,28,6.5729999999999995,6.494,6.652,1.57352,0.8711399999999999,0.72993,0.56215,0.35561,0.26591,2.21507
Uruguay, Both sexes,38.9,32.7,23.6,22.1,22.0,20.6,23.0,8.1,2016.0,0.321,0.6990000000000001,,0.612,,2016.0,14.134,,,,Latin America and Caribbean,29,6.545,6.456,6.6339999999999995,1.18157,1.0314299999999998,0.72183,0.54388,0.21394000000000002,0.18056,2.67139
Uruguay, Male,89.7,57.7,39.0,35.6,33.9,31.5,38.4,12.1,2016.0,0.321,0.6990000000000001,,0.612,,2016.0,14.134,,,,Latin America and Caribbean,29,6.545,6.456,6.6339999999999995,1.18157,1.0314299999999998,0.72183,0.54388,0.21394000000000002,0.18056,2.67139
Uruguay, Female,17.5,15.1,10.4,9.8,10.4,9.8,7.1,3.9,2016.0,0.321,0.6990000000000001,,0.612,,2016.0,14.134,,,,Latin America and Caribbean,29,6.545,6.456,6.6339999999999995,1.18157,1.0314299999999998,0.72183,0.54388,0.21394000000000002,0.18056,2.67139
Uzbekistan, Both sexes,4.8,6.6,7.1,7.5,9.7,9.3,10.6,9.0,2016.0,0.081,0.013000000000000001,0.084,0.052000000000000005,,2016.0,2.612,9.214,,0.09,Central and Eastern Europe,49,5.987,5.896,6.077999999999999,0.7359100000000001,1.1681,0.50163,0.60848,0.28333,0.34326,2.34638
Uzbekistan, Male,7.1,11.2,12.8,13.9,16.7,13.9,12.2,8.5,2016.0,0.081,0.013000000000000001,0.084,0.052000000000000005,,2016.0,2.612,9.214,,0.09,Central and Eastern Europe,49,5.987,5.896,6.077999999999999,0.7359100000000001,1.1681,0.50163,0.60848,0.28333,0.34326,2.34638
Uzbekistan, Female,3.5,3.1,2.2,1.7,3.0,4.7,9.0,9.6,2016.0,0.081,0.013000000000000001,0.084,0.052000000000000005,,2016.0,2.612,9.214,,0.09,Central and Eastern Europe,49,5.987,5.896,6.077999999999999,0.7359100000000001,1.1681,0.50163,0.60848,0.28333,0.34326,2.34638
Yemen, Both sexes,13.1,9.7,8.3,9.1,12.2,17.5,17.7,4.5,2016.0,0.033,0.026000000000000002,0.063,,,2016.0,0.201,0.32299999999999995,0.055999999999999994,0.409,Middle East and Northern Africa,147,3.7239999999999998,3.6210000000000004,3.827,0.57939,0.47493,0.31048000000000003,0.2287,0.05892000000000001,0.09821,1.97295
Yemen, Male,18.2,14.2,11.9,13.6,17.4,24.8,22.9,5.2,2016.0,0.033,0.026000000000000002,0.063,,,2016.0,0.201,0.32299999999999995,0.055999999999999994,0.409,Middle East and Northern Africa,147,3.7239999999999998,3.6210000000000004,3.827,0.57939,0.47493,0.31048000000000003,0.2287,0.05892000000000001,0.09821,1.97295
Yemen, Female,9.4,5.9,4.9,5.1,7.0,9.9,12.3,3.9,2016.0,0.033,0.026000000000000002,0.063,,,2016.0,0.201,0.32299999999999995,0.055999999999999994,0.409,Middle East and Northern Africa,147,3.7239999999999998,3.6210000000000004,3.827,0.57939,0.47493,0.31048000000000003,0.2287,0.05892000000000001,0.09821,1.97295
Zambia, Both sexes,79.7,48.9,25.8,18.7,11.8,8.9,8.3,2.8,2016.0,0.062,0.062,0.205,,0.019,2016.0,0.055999999999999994,1.429,0.019,0.031,Sub-Saharan Africa,106,4.795,4.645,4.945,0.61202,0.6376,0.23573000000000002,0.42662,0.11479,0.17865999999999999,2.5899099999999997
Zambia, Male,152.1,79.0,38.7,27.3,17.0,13.3,12.3,3.9,2016.0,0.062,0.062,0.205,,0.019,2016.0,0.055999999999999994,1.429,0.019,0.031,Sub-Saharan Africa,106,4.795,4.645,4.945,0.61202,0.6376,0.23573000000000002,0.42662,0.11479,0.17865999999999999,2.5899099999999997
Zambia, Female,31.2,26.4,16.0,11.2,6.9,4.6,4.2,1.6,2016.0,0.062,0.062,0.205,,0.019,2016.0,0.055999999999999994,1.429,0.019,0.031,Sub-Saharan Africa,106,4.795,4.645,4.945,0.61202,0.6376,0.23573000000000002,0.42662,0.11479,0.17865999999999999,2.5899099999999997
Zimbabwe, Both sexes,205.7,81.5,41.3,29.4,19.2,13.7,11.3,4.6,2016.0,0.025,0.025,0.057,0.006,0.051,2016.0,0.095,3.486,0.634,0.057,Sub-Saharan Africa,131,4.1930000000000005,4.101,4.285,0.35041,0.71478,0.1595,0.25429,0.08582000000000001,0.18503,2.4427
Zimbabwe, Male,285.0,111.5,62.8,47.0,30.1,22.8,19.1,6.4,2016.0,0.025,0.025,0.057,0.006,0.051,2016.0,0.095,3.486,0.634,0.057,Sub-Saharan Africa,131,4.1930000000000005,4.101,4.285,0.35041,0.71478,0.1595,0.25429,0.08582000000000001,0.18503,2.4427
Zimbabwe, Female,152.4,59.4,26.4,16.0,9.4,5.5,3.8,2.7,2016.0,0.025,0.025,0.057,0.006,0.051,2016.0,0.095,3.486,0.634,0.057,Sub-Saharan Africa,131,4.1930000000000005,4.101,4.285,0.35041,0.71478,0.1595,0.25429,0.08582000000000001,0.18503,2.4427
